combo,crossover_rate,mutation_rate,n_runs,n_feasible,feasible_rate,cycle_time_mean,cycle_time_median,cycle_time_sd,cycle_time_min,cycle_time_max,min_sigma_mean,min_sigma_median,min_sigma_sd,min_sigma_min,min_sigma_max,evaluations_mean,evaluations_median,evaluations_sd,evaluations_min,evaluations_max,execution_time_mean,execution_time_median,execution_time_sd,execution_time_min,execution_time_max,cpu_time_mean,cpu_time_median,cpu_time_sd,cpu_time_min,cpu_time_max,mean_rank
cx0.9_mut0.3,0.9,0.3,200,200,1.0,5.287583277842952,5.282724597488243,0.20673505571064027,4.837581490247349,5.987951663987006,0.2242494592237196,0.224396782938209,0.01792150968620941,0.15410682815550197,0.2615895228168781,54200.0,54200.0,0.0,54200.0,54200.0,16.385974208499828,16.32582089999778,1.3659513000600696,13.384275199990952,20.79673059999186,16.170390625,16.1484375,1.3577206995360747,13.09375,20.75,11.52
cx0.9_mut0.2,0.9,0.2,200,200,1.0,5.220438057167969,5.207119556902686,0.19573743694314683,4.780575661908277,5.805051053706172,0.2308304183234093,0.23144763511896338,0.018028820653576545,0.1751125047763549,0.2718480252121312,54200.0,54200.0,0.0,54200.0,54200.0,20.128041273500347,19.91446564999933,1.7412560496809542,15.396817399989231,26.0357595999958,19.866171875,19.6875,1.7184855734663353,15.1875,25.5625,8.895
cx0.9_mut0.1,0.9,0.1,200,200,1.0,5.238430240552829,5.236279245264424,0.2154198847574151,4.708023356958648,5.852279814053867,0.2325043098418866,0.2344483352848967,0.016797693668268398,0.16985216932819278,0.27479942352498266,54200.0,54200.0,0.0,54200.0,54200.0,30.930996854999975,30.93487499999901,1.906037918725145,26.824626100002206,36.3806903000077,30.533046875,30.5390625,1.8783132482408773,26.578125,35.859375,9.745
cx0.9_mut0.05,0.9,0.05,200,200,1.0,5.306206127656942,5.296070021098659,0.2284917459391552,4.8580785494990755,6.168249988024835,0.23124427363198927,0.2329664465765461,0.017834504550362593,0.17464776801854434,0.2693228356789672,54200.0,54200.0,0.0,54200.0,54200.0,36.519664716999756,36.46607904999837,2.3832471838511244,30.468915400007972,43.24075979999907,36.0365625,36.0546875,2.3384967509107426,30.25,42.421875,11.905
cx0.9_mut0.01,0.9,0.01,200,200,1.0,5.462073893485992,5.4561315258370975,0.24846853451948048,4.983747446533894,6.6013834806082965,0.22927186590164997,0.2327418938646136,0.019537545705087454,0.15338208235103604,0.2732263368529974,54200.0,54200.0,0.0,54200.0,54200.0,39.846402664500566,39.78605144999892,2.868250642243562,32.84422430000268,45.919828899990534,39.32421875,39.2421875,2.8114671950333032,32.59375,45.375,17.7
cx0.9_mut0.001,0.9,0.001,200,200,1.0,5.780541424080688,5.74184846869481,0.3061788371030138,5.180284944860505,7.084042371245784,0.22314644277911025,0.2254447296376941,0.02248791156491965,0.15055491145755753,0.2717034446305029,54200.0,54200.0,0.0,54200.0,54200.0,39.11994884800013,39.334297999994305,2.9839648906180005,31.129114099996514,47.48386789999495,38.60140625,38.796875,2.9447601654937166,30.9375,46.640625,24.57
cx0.7_mut0.3,0.7,0.3,200,200,1.0,5.295755581861289,5.289655129007567,0.2002377136551415,4.848128849242313,5.868312458455091,0.22473659298034943,0.2267302326503215,0.01756206694872223,0.17914960204003344,0.26364692141439683,54200.0,54200.0,0.0,54200.0,54200.0,16.989552447999813,16.84782009999617,1.576429823759123,13.433914000008372,21.600653699992108,16.763046875,16.6484375,1.5559471397820976,13.171875,21.515625,12.205
cx0.7_mut0.2,0.7,0.2,200,200,1.0,5.238485104925647,5.25333458348849,0.19668667486090047,4.804177004006636,6.006417968139572,0.2284782604395015,0.23125014909955557,0.017519572708253738,0.16691018307230207,0.26709927270852457,54200.0,54200.0,0.0,54200.0,54200.0,21.055617708000717,21.02032835000864,1.7469455075957572,16.521557900006883,25.506515899993246,20.77453125,20.7109375,1.698030311853503,16.375,24.828125,9.47
cx0.7_mut0.1,0.7,0.1,200,200,1.0,5.243004873831287,5.225939836020887,0.20251189315280516,4.783253766838583,5.995776250041146,0.2293563282279423,0.23032411123312585,0.018761679346838003,0.17354934060471985,0.26853738026154694,54200.0,54200.0,0.0,54200.0,54200.0,31.61493830849955,31.568939999997383,1.9888084811456674,27.188645000001998,37.499535700000706,31.202265625,31.1640625,1.9570110194706063,27.0,36.59375,9.28
cx0.7_mut0.05,0.7,0.05,200,200,1.0,5.332606172644419,5.2909154562444565,0.24892447969229003,4.830844014047129,5.959365124573497,0.23056946408285955,0.23264909747035895,0.019896519843179652,0.1584646673279077,0.27869676007820166,54200.0,54200.0,0.0,54200.0,54200.0,37.24165150049986,37.049562749998586,2.5764130145323985,30.606946900006733,46.437173400001484,36.75046875,36.6484375,2.5189753285792404,30.359375,45.515625,13.015
cx0.7_mut0.01,0.7,0.01,200,200,1.0,5.549567057720601,5.501430867334438,0.31182893774671916,4.918704038618136,7.1015893665499235,0.22553953192191414,0.22895481981656016,0.02161594602700305,0.14182267766269388,0.2655735422426821,54200.0,54200.0,0.0,54200.0,54200.0,40.2800044514997,40.1758153999981,2.768504904288189,34.383489600004395,46.70956199998909,39.7503125,39.671875,2.7357298599600686,34.09375,46.53125,19.995
cx0.7_mut0.001,0.7,0.001,200,200,1.0,5.879574431108974,5.815552620871944,0.3183435837363864,5.286366177588308,7.008956203136589,0.21939775973593192,0.2205453522681743,0.023661045085292858,0.14377429192813304,0.2642052109153668,54200.0,54200.0,0.0,54200.0,54200.0,39.1741913520002,39.12029404999339,2.9840801497667497,32.32623549998971,47.02432260000205,38.660078125,38.7265625,2.913837936308394,31.65625,46.828125,25.82
cx0.5_mut0.3,0.5,0.3,200,200,1.0,5.27500409275596,5.276044176881823,0.21571879385168777,4.839535340130649,5.970355243963177,0.2265839572301379,0.2274253353366445,0.018698626616237824,0.14226251361683068,0.2685110939801709,54200.0,54200.0,0.0,54200.0,54200.0,17.537795297499905,17.26666309999564,1.5415334723649716,13.532053700007964,22.389639599990915,17.306484375,17.09375,1.51204391073563,13.171875,22.109375,11.22
cx0.5_mut0.2,0.5,0.2,200,200,1.0,5.2453479037077555,5.254450765659152,0.20672956698238174,4.79445193925511,6.196611081749264,0.2246600994188412,0.22637862368910974,0.019878003681565014,0.1525805873163584,0.2662762263830617,54200.0,54200.0,0.0,54200.0,54200.0,22.31866867550023,22.334036100000958,1.5683673112527368,18.382963900003233,26.61868250000407,22.030390625,22.0234375,1.5398596834904899,18.1875,26.421875,9.465
cx0.5_mut0.1,0.5,0.1,200,200,1.0,5.270218510345299,5.244509950766432,0.2235054156672975,4.860414595612116,6.14837338375058,0.2287152929141648,0.2294680179358175,0.017482843072712983,0.17477233305276113,0.2711507968821817,54200.0,54200.0,0.0,54200.0,54200.0,32.113168478499794,32.061305150004046,2.148055575724745,27.315227900005993,37.60042440000689,31.68046875,31.640625,2.1103619096920516,26.890625,37.1875,10.555
cx0.5_mut0.05,0.5,0.05,200,200,1.0,5.346235683228478,5.286361896242771,0.27516483150764987,4.82310589735591,6.521483937497259,0.22728759816884675,0.22990103301049625,0.020252504693410337,0.1504741789373726,0.2681480909741706,54200.0,54200.0,0.0,54200.0,54200.0,37.549139465000046,37.61855099999957,2.4916766925146336,31.428814999992028,45.232836600000155,37.064140625,37.1171875,2.46527060918223,31.1875,44.515625,12.92
cx0.5_mut0.01,0.5,0.01,200,200,1.0,5.554966348624212,5.522487630905528,0.3080199906018227,4.993100584244196,7.174999460063329,0.2293965656045188,0.23282544441849368,0.020640501173669182,0.16794267913849031,0.27085980180230074,54200.0,54200.0,0.0,54200.0,54200.0,40.82177716699902,40.767749149992596,3.097232691151192,33.983202099989285,49.17100990000472,40.289609375,40.25,3.0351171056478967,33.296875,48.453125,19.975
cx0.5_mut0.001,0.5,0.001,200,200,1.0,5.979007678651492,5.960197517822229,0.37000479728304375,5.123742449985654,7.04195459019061,0.2237663331034304,0.2266293714254763,0.02262862758105451,0.15329660845822402,0.2702958668173251,54200.0,54200.0,0.0,54200.0,54200.0,39.2081186685001,39.24624400000175,2.9469856722680294,32.72065730000031,47.979125199999544,38.692890625,38.8046875,2.9300186046147263,32.265625,47.171875,26.65
cx0.3_mut0.3,0.3,0.3,200,200,1.0,5.313598363439962,5.307640320609698,0.21454558516484376,4.893243298597629,5.962227105038457,0.22713766092362103,0.22966719056090973,0.019393184442020588,0.14581001240446193,0.2664793217683912,54200.0,54200.0,0.0,54200.0,54200.0,18.2267554679991,18.10766734999197,1.689908909817762,14.102321200000006,25.377187099991716,17.987734375,17.921875,1.6514600766846896,13.890625,24.78125,12.63
cx0.3_mut0.2,0.3,0.2,200,200,1.0,5.260324304100315,5.248990184019725,0.21981383829341286,4.822897394260002,6.039733869892116,0.22909637359131874,0.2302367535587802,0.01882778452852832,0.1584229546324705,0.26596616722373917,54200.0,54200.0,0.0,54200.0,54200.0,23.139060442499975,23.07344180000655,1.6010884599534518,18.886976900001173,27.283930699995835,22.832578125,22.765625,1.5615538730192167,18.625,26.875,10.23
cx0.3_mut0.1,0.3,0.1,200,200,1.0,5.2959641046005075,5.2623575807586835,0.26313449383392784,4.737143743014093,6.192476945366214,0.22960793859512826,0.23207104523513197,0.019455062737455807,0.16202240447793098,0.2702878589890318,54200.0,54200.0,0.0,54200.0,54200.0,32.47652358900021,32.41720770000393,2.163836028515769,27.591752099993755,38.17863579999539,32.045078125,31.9609375,2.119279671287279,27.328125,37.8125,10.89
cx0.3_mut0.05,0.3,0.05,200,200,1.0,5.426048979915684,5.36998840235269,0.3053411958123317,4.780191571797853,6.246535198801587,0.23135172398122894,0.23225200736491441,0.019619733072184842,0.14881355624188292,0.27904387283262144,54200.0,54200.0,0.0,54200.0,54200.0,37.83198727049974,38.05289294999966,2.3472967477420896,32.29902779999247,42.89382330000808,37.3278125,37.46875,2.3013831792058026,32.015625,42.125,15.11
cx0.3_mut0.01,0.3,0.01,200,200,1.0,5.606977621943368,5.563900922988165,0.3748512957564817,4.868603353398316,6.90756382241249,0.2282281616460129,0.23099979266417486,0.0208620982014433,0.14285776896649438,0.26752602349997273,54200.0,54200.0,0.0,54200.0,54200.0,40.574711143000165,40.848557899997104,2.823379709747915,32.55397720000474,47.82984679999936,40.03171875,40.28125,2.7856492004706195,32.25,46.703125,20.765
cx0.3_mut0.001,0.3,0.001,200,200,1.0,6.073811361780974,6.013552334417387,0.42132416989312377,5.262889697317707,7.17607948413394,0.22087330739432617,0.22355972607441243,0.024578903644246735,0.15002129964826802,0.26981303699181397,54200.0,54200.0,0.0,54200.0,54200.0,38.803917129500626,38.69981365000422,2.761128503684938,32.75189900000987,46.17394449999847,38.298828125,38.2109375,2.716536137950971,32.25,45.90625,27.44
cx0.1_mut0.3,0.1,0.3,200,200,1.0,5.3053009239252535,5.2826701620689605,0.19570520814789905,4.857591675685529,5.938892147338,0.22486751548684417,0.22669774645994636,0.018864913289400997,0.16781275708847102,0.2713765875319273,54200.0,54200.0,0.0,54200.0,54200.0,19.111003134999702,19.067788150001434,1.610689861623189,15.015704000004916,23.773958699996,18.86828125,18.7734375,1.5794755543080496,14.921875,23.625,12.34
cx0.1_mut0.2,0.1,0.2,200,200,1.0,5.306984667709523,5.275691929366332,0.24320733379055207,4.852575177148437,6.1617676011291715,0.2290095118187821,0.22952912575298529,0.019459966069971975,0.17080647792303932,0.2680711503573231,54200.0,54200.0,0.0,54200.0,54200.0,24.063343931500057,23.817452850002155,1.7097626792258693,19.056026300007943,28.930966400002944,23.75484375,23.53125,1.6700768534917132,18.609375,28.375,11.965
cx0.1_mut0.1,0.1,0.1,200,200,1.0,5.311009624352523,5.298689826722821,0.2500115323219449,4.758952679518135,6.205666844999783,0.23202205509325735,0.23268409324399061,0.01727877089199209,0.18221292484742288,0.2716481982532149,54200.0,54200.0,0.0,54200.0,54200.0,32.983813536000746,33.04963565000071,2.053618282676685,28.020581299992045,38.169519899995066,32.553828125,32.6640625,2.0288336622602183,27.734375,37.796875,11.89
cx0.1_mut0.05,0.1,0.05,200,200,1.0,5.426181804297276,5.398472585295999,0.27592131982319956,4.925396730407384,6.375824918656871,0.22860372355324174,0.23188388065383367,0.020292053018782067,0.158351967346368,0.2723876836835714,54200.0,54200.0,0.0,54200.0,54200.0,37.672324678500374,37.27150984999753,2.4657953522365177,32.53738340000564,44.878816900003585,37.171484375,36.765625,2.4255473138368258,31.859375,44.125,16.005
cx0.1_mut0.01,0.1,0.01,200,200,1.0,5.6899006920800295,5.646410270604559,0.3765902662715296,4.948337028859947,6.928053008403475,0.2260156406696544,0.22630136333159886,0.022424290302477955,0.1555587492151803,0.2660016115168296,54200.0,54200.0,0.0,54200.0,54200.0,40.416085631000534,40.27903575000528,2.6841641678973405,34.63328159999219,46.95411370000511,39.8984375,39.734375,2.6559834886991416,34.015625,46.515625,22.225
cx0.1_mut0.001,0.1,0.001,200,200,1.0,6.2356681248758505,6.222034268967068,0.4134424089709124,5.387802283946673,7.54656117275544,0.22251456330725744,0.22582804375469262,0.02192057190147485,0.14126380088774038,0.268333173570402,54200.0,54200.0,0.0,54200.0,54200.0,38.806454621499945,38.79388209999888,2.623966286088195,32.70888859999832,45.17209649999859,38.292109375,38.2265625,2.584364450661069,32.40625,44.796875,28.605
