instance,reference,baseline,reference_median_fitness,baseline_median_fitness,median_gain,median_gain_pct,p_value,rank_biserial,n_machines,workspace_half_extent,workspace_area,total_machine_area,occupancy,free_space_ratio,mean_machine_area,machine_area_cv,mean_aspect_ratio,max_aspect_ratio,l_shape_fraction,mean_access_offset,max_diagonal_over_extent,random_feasibility_rate
test_1,rlga_elites,ga_ls10_offspring,35.68209538171365,37.795506765335006,2.1134113836213544,5.591700084200794,0.556640625,-0.23636363636363636,8.0,15.0,900.0,141.3352171774156,0.15703913019712842,0.8429608698028715,17.66690214717695,0.33098278756686556,1.3799820094551118,2.100273054560968,0.5,1.087806596226486,0.25527095221111773,0.034
test_2,rlga_elites,ga_ls10_offspring,32.635303375739596,35.65718011482204,3.021876739082444,8.474805717534306,0.232421875,-0.45454545454545453,8.0,15.0,900.0,120.92934119547121,0.13436593466163468,0.8656340653383653,15.116167649433901,0.30654972904622285,1.3543048889831824,2.0365839187220605,0.5,1.2389023877091074,0.23952283991625578,0.0545
test_3,rlga_elites,ga_ls10_offspring,38.10169618931167,35.78791071937495,-2.313785469936718,-6.46527115840846,0.845703125,0.09090909090909091,8.0,15.0,900.0,129.11868132842898,0.1434652014760322,0.8565347985239677,16.139835166053622,0.19773516179128175,1.2088604002116232,1.3403432061363834,0.5,1.2377174207193593,0.2198432855327523,0.0505
test_4,rlga_elites,ga_ls10_offspring,30.3142182505392,30.288471849801887,-0.025746400737311603,-0.08500396079731572,1.0,0.01818181818181818,8.0,15.0,900.0,103.1063231207961,0.114562581245329,0.885437418754671,12.888290390099513,0.13403935777940662,1.3384117692591122,1.8701950907557892,0.5,1.3050631042483631,0.1992387196256398,0.0805
test_5,rlga_elites,ga_ls10_offspring,40.381899434986835,38.898476655864314,-1.4834227791225203,-3.8135755090010197,0.556640625,0.23636363636363636,8.0,15.0,900.0,145.1339633759198,0.16125995930657755,0.8387400406934225,18.141745421989974,0.22213902547967512,1.403430732514578,1.8061184973624522,0.5,1.113416393787808,0.23902004102882773,0.03
test_6,rlga_elites,ga_ls10_offspring,35.68075039761564,36.65976896240309,0.9790185647874523,2.6705530135541706,0.6953125,-0.16363636363636364,8.0,15.0,900.0,126.58335481114061,0.14064817201237845,0.8593518279876216,15.822919351392576,0.17676450944983105,1.2392952745931953,1.5871554245809896,0.5,0.9713210810130037,0.21707890027433355,0.053
test_7,rlga_elites,ga_ls10_offspring,35.397099674017284,35.081196838740205,-0.31590283527707896,-0.9004904728000246,0.431640625,0.3090909090909091,8.0,15.0,900.0,132.1262792344146,0.14680697692712733,0.8531930230728727,16.515784904301825,0.32978948142078895,1.2849641788470691,1.566641072263187,0.5,1.2825748127041237,0.24345687417731499,0.0425
test_8,rlga_elites,ga_ls10_offspring,34.875812485663715,36.065476715997164,1.1896642303334488,3.298623333615226,0.322265625,-0.38181818181818183,8.0,15.0,900.0,133.8352157675451,0.14870579529727232,0.8512942047027277,16.729401970943137,0.3403759629132865,1.2410891274183,1.4426958867212112,0.5,1.4027700242339805,0.24931634921050472,0.0395
test_9,rlga_elites,ga_ls10_offspring,37.25262566629117,37.22936332840257,-0.023262337888603213,-0.062483845569435766,1.0,0.01818181818181818,8.0,15.0,900.0,129.32071462803395,0.14368968292003773,0.8563103170799623,16.165089328504244,0.33527135898269206,1.1313437708052894,1.3223662644011465,0.5,0.9467144596653235,0.22996931961470563,0.0605
test_10,rlga_elites,ga_ls10_offspring,35.00685973867058,33.450104713567406,-1.5567550251031719,-4.653961589757745,0.193359375,0.4909090909090909,8.0,15.0,900.0,123.64228836035545,0.13738032040039494,0.8626196795996051,15.455286045044431,0.28683345121211307,1.1082849442988048,1.288752970178814,0.5,1.0559403917631496,0.22896703772466287,0.0555
