combo,crossover_rate,mutation_rate,instance,n_runs,n_feasible,feasible_rate,fitness_mean,fitness_median,fitness_sd,fitness_min,fitness_max,evaluations_mean,evaluations_median,evaluations_sd,evaluations_min,evaluations_max,execution_time_mean,execution_time_median,execution_time_sd,execution_time_min,execution_time_max,cpu_time_mean,cpu_time_median,cpu_time_sd,cpu_time_min,cpu_time_max
cx0.9_mut0.1,0.9,0.1,test_1,20,20,1.0,38.36987587639109,37.81801688560256,4.809935151223809,31.909880837781163,49.62088716540329,60000.0,60000.0,0.0,60000.0,60000.0,8.058766619999892,7.922790900000109,0.835523223464611,6.801519199999348,9.893836299999748,7.9546875,7.828125,0.7968008221409373,6.78125,9.75
cx0.9_mut0.1,0.9,0.1,test_10,20,20,1.0,34.60878810898075,34.207095839699974,2.651557753599192,31.18719883072878,40.013151469477336,60000.0,60000.0,0.0,60000.0,60000.0,8.01594415999989,7.828173299999435,0.9440714323667152,6.155777599999965,10.512056999999913,7.92421875,7.7109375,0.9297137601333273,6.125,10.453125
cx0.9_mut0.1,0.9,0.1,test_2,20,20,1.0,34.51129349441661,33.51589879923611,3.2043553027249763,29.897872060276143,41.72395644503327,60000.0,60000.0,0.0,60000.0,60000.0,8.304954880000015,8.023425299999872,0.8973328355595781,7.069226800000251,10.359466100000645,8.221875,7.9140625,0.881184091413665,7.0,10.15625
cx0.9_mut0.1,0.9,0.1,test_3,20,20,1.0,35.84275845374015,34.73061643435342,3.737479240344565,29.351212208355367,46.82300709427792,60000.0,60000.0,0.0,60000.0,60000.0,8.406052565000072,8.404927399999906,0.7557931217618503,7.236115499999869,9.556443700000273,8.31875,8.359375,0.7432951395466569,7.1875,9.4375
cx0.9_mut0.1,0.9,0.1,test_4,20,20,1.0,29.62452400270135,29.086664793605998,2.4434798729145895,26.66804718539288,34.539542993545886,60000.0,60000.0,0.0,60000.0,60000.0,8.421942800000078,8.219584600000417,0.7777591796771818,7.078725100000156,9.994563499999458,8.32109375,8.0859375,0.7542279915789721,6.984375,9.796875
cx0.9_mut0.1,0.9,0.1,test_5,20,20,1.0,38.974602688197095,39.19770877926749,3.6350212757662947,31.768542621718296,46.940643049445775,60000.0,60000.0,0.0,60000.0,60000.0,8.560036400000081,8.477872200000093,0.8527688276668266,7.54711159999988,11.449753599999895,8.45234375,8.3984375,0.8263071999021897,7.4375,11.234375
cx0.9_mut0.1,0.9,0.1,test_6,20,20,1.0,37.711685470377475,37.889616681055415,3.114978395242977,32.460883986332455,45.85564874393266,60000.0,60000.0,0.0,60000.0,60000.0,8.842664834999777,8.842691049999758,0.7880448258737086,7.128790599999775,9.997315499999786,8.6546875,8.6640625,0.7937470860907974,6.984375,9.859375
cx0.9_mut0.1,0.9,0.1,test_7,20,20,1.0,34.722447977325984,34.00569728074825,3.8048360679731874,27.107429241947695,43.4746821925603,60000.0,60000.0,0.0,60000.0,60000.0,8.419339374999982,8.415917450000052,0.8243842294235105,7.075708999999733,9.96390699999938,8.28046875,8.2890625,0.8173167415662106,6.96875,9.78125
cx0.9_mut0.1,0.9,0.1,test_8,20,20,1.0,34.11277274817497,34.17629292016643,3.2540412840623345,29.596342162346268,41.42488874495544,60000.0,60000.0,0.0,60000.0,60000.0,8.449524465000058,8.45686889999979,0.75427133207097,7.132517799999732,9.59146150000015,8.34609375,8.328125,0.7284858879478343,7.125,9.5
cx0.9_mut0.1,0.9,0.1,test_9,20,20,1.0,36.318229008260104,36.455756688351514,2.8478109793321162,31.99999388599439,41.73501341345505,60000.0,60000.0,0.0,60000.0,60000.0,8.089576545,8.043588949999958,0.700799096752973,7.147987199999989,9.825646799999959,8.01640625,7.9453125,0.6898784180580682,7.046875,9.703125
cx0.9_mut0.01,0.9,0.01,test_1,20,20,1.0,43.620880875934276,42.95864725524169,2.8727932737577317,37.83001214904375,48.704077691419776,60000.0,60000.0,0.0,60000.0,60000.0,9.212799925000013,9.168936399999893,0.8751972835363513,8.031502999999248,11.606672900000376,9.096875,9.0546875,0.8319965978390714,8.015625,11.421875
cx0.9_mut0.01,0.9,0.01,test_10,20,20,1.0,38.53798990833827,38.78288758758546,3.4117980219039086,33.35679287931645,43.76638481617638,60000.0,60000.0,0.0,60000.0,60000.0,8.895941324999876,8.655659549999655,1.1798843335910632,6.966470400000617,11.30838439999934,8.80078125,8.6015625,1.1538456843448563,6.9375,11.25
cx0.9_mut0.01,0.9,0.01,test_2,20,20,1.0,38.78494729944606,38.48061750924231,2.7281092796988293,35.15915765779492,46.58334068865408,60000.0,60000.0,0.0,60000.0,60000.0,9.94644086999997,9.368707799999811,1.8023400047106337,7.860848199999964,13.874776799999381,9.84296875,9.25,1.7669706606460338,7.78125,13.71875
cx0.9_mut0.01,0.9,0.01,test_3,20,20,1.0,39.13589737627173,37.869342619905595,3.1906848462254143,34.54011657535328,45.30884415363067,60000.0,60000.0,0.0,60000.0,60000.0,10.015056960000038,9.780450650000148,1.701031630516142,7.8531785000004675,13.695020199999817,9.9125,9.65625,1.6623630360083328,7.796875,13.578125
cx0.9_mut0.01,0.9,0.01,test_4,20,20,1.0,35.41916478056513,34.47791310290183,3.5927529898236448,30.07388249112504,43.448576192581776,60000.0,60000.0,0.0,60000.0,60000.0,9.647586245000138,9.139602200000354,1.7370912578312374,7.865369000000101,13.168342300000404,9.534375,9.0234375,1.7101053536913113,7.828125,12.90625
cx0.9_mut0.01,0.9,0.01,test_5,20,20,1.0,42.30040670165983,41.6971403533803,4.932670855555164,35.77988211522527,52.07767872107583,60000.0,60000.0,0.0,60000.0,60000.0,9.449885115000143,9.18112794999979,1.252708609832069,7.58401909999975,12.234071200000471,9.3453125,9.09375,1.2389405905880146,7.5,12.140625
cx0.9_mut0.01,0.9,0.01,test_6,20,20,1.0,40.93365811355615,41.32062068691893,4.588452544154277,33.153534346025126,49.61349595115855,60000.0,60000.0,0.0,60000.0,60000.0,10.701055235000103,10.608696300000247,1.4109372416545127,8.33881459999975,14.039270199999919,10.465625,10.359375,1.3865913928729954,8.03125,13.6875
cx0.9_mut0.01,0.9,0.01,test_7,20,20,1.0,40.19460196230533,40.600244092021605,3.820611771957733,32.64732189278416,45.547023440966015,60000.0,60000.0,0.0,60000.0,60000.0,9.661478590000025,9.444287850000364,1.3682609096020475,7.740080200000193,12.078031200000623,9.475,9.296875,1.3231709073283013,7.59375,11.90625
cx0.9_mut0.01,0.9,0.01,test_8,20,20,1.0,36.9432921297478,36.64461480431133,2.8736088616564697,30.762933816145775,42.292762559812225,60000.0,60000.0,0.0,60000.0,60000.0,10.553608289999966,10.51262799999995,1.2514500274338012,8.27123069999925,12.825384300000223,10.4359375,10.3984375,1.2295604808838465,8.125,12.609375
cx0.9_mut0.01,0.9,0.01,test_9,20,20,1.0,40.39502369995972,40.1605791067738,3.34115530102617,35.1368359941817,49.64091078397919,60000.0,60000.0,0.0,60000.0,60000.0,9.500800940000044,9.507433950000177,1.1857480903297226,7.6364065999996456,12.083903499999906,9.3828125,9.4296875,1.195636297302667,7.53125,11.96875
cx0.9_mut0.001,0.9,0.001,test_1,20,20,1.0,51.250281492293354,50.75658473711498,3.782313674405387,42.302034000148204,56.94728972968355,60000.0,60000.0,0.0,60000.0,60000.0,9.359583414999975,9.221702699999923,1.0560433792214965,7.722610099999656,11.532945599999948,9.23828125,9.09375,1.0343587885317305,7.515625,11.359375
cx0.9_mut0.001,0.9,0.001,test_10,20,20,1.0,46.241294133267864,45.369045250669465,5.473948799345391,38.34245818117186,60.859006433900106,60000.0,60000.0,0.0,60000.0,60000.0,8.92944687500003,8.78370735000044,1.0143844107742312,7.035889199999474,11.416616299999987,8.82421875,8.6640625,0.9918053812457825,6.96875,11.3125
cx0.9_mut0.001,0.9,0.001,test_2,20,20,1.0,45.711247545359996,46.64263482910988,4.795295496351706,39.266736072788596,53.426399437286214,60000.0,60000.0,0.0,60000.0,60000.0,8.80516931000002,8.574989100000039,0.6595661804043371,7.824847800000498,9.89863239999977,8.71875,8.4609375,0.6552702586277706,7.765625,9.84375
cx0.9_mut0.001,0.9,0.001,test_3,20,20,1.0,44.80484312131503,44.26052779071426,3.323753304758292,38.02240206175978,51.56282707981438,60000.0,60000.0,0.0,60000.0,60000.0,9.70315117999994,9.42782115,1.2483222055506666,8.050536499999907,11.69459999999981,9.5796875,9.328125,1.2358044687704017,7.953125,11.53125
cx0.9_mut0.001,0.9,0.001,test_4,20,20,1.0,38.78716046251891,38.29384925139223,3.1337377498539416,34.90022917020609,46.73502041873837,60000.0,60000.0,0.0,60000.0,60000.0,8.958973890000015,8.788582900000165,0.8361315153488442,7.63103030000002,10.77846210000007,8.85546875,8.6640625,0.8063225914638223,7.5625,10.640625
cx0.9_mut0.001,0.9,0.001,test_5,20,20,1.0,50.64860677196992,49.952814902927294,4.367808807327916,43.377222237904725,60.186200018238814,60000.0,60000.0,0.0,60000.0,60000.0,9.355891304999886,8.80106399999977,1.324020804380349,7.730286399999386,12.543324100000063,9.25703125,8.734375,1.3062043066013378,7.671875,12.34375
cx0.9_mut0.001,0.9,0.001,test_6,20,20,1.0,48.414412229455046,46.61182838786678,6.041352767574294,36.93803664317216,65.4811427662301,60000.0,60000.0,0.0,60000.0,60000.0,9.45136349999989,9.26397999999972,1.1405235869622108,7.8396788000000015,12.299409299999752,9.24140625,9.03125,1.1326434765009674,7.46875,12.046875
cx0.9_mut0.001,0.9,0.001,test_7,20,20,1.0,48.27444051784202,46.54353373358586,5.832095173207954,40.85968887266078,59.84147084093899,60000.0,60000.0,0.0,60000.0,60000.0,9.068716670000049,8.761372799999663,1.0164656591930867,7.634088900000279,11.391602599999715,8.8859375,8.453125,1.002311524561968,7.515625,11.25
cx0.9_mut0.001,0.9,0.001,test_8,20,20,1.0,43.4409163563682,44.0603555840316,2.8267837220669376,38.87747661608271,48.61072273066541,60000.0,60000.0,0.0,60000.0,60000.0,9.01700121000008,8.560668050000004,1.0406893860136746,7.888474600000336,11.258738200000153,8.903125,8.515625,1.0291870314591436,7.71875,11.125
cx0.9_mut0.001,0.9,0.001,test_9,20,20,1.0,46.69465397774981,46.7117654801672,3.776189041921455,38.011479030693756,53.5675501726227,60000.0,60000.0,0.0,60000.0,60000.0,8.595237944999871,8.533244249999825,0.46369982056324727,7.81864620000033,9.963592600000084,8.51796875,8.484375,0.45586103981734966,7.796875,9.859375
cx0.9_mut0.0001,0.9,0.0001,test_1,20,20,1.0,63.03910067975585,61.45920410580478,5.193719705469881,56.14730556952679,74.50137624299911,60000.0,60000.0,0.0,60000.0,60000.0,9.495160595000016,8.984789650000266,1.4750403646618253,7.957564000000275,13.154952599999888,9.39453125,8.8671875,1.433174941962108,7.90625,13.046875
cx0.9_mut0.0001,0.9,0.0001,test_10,20,20,1.0,53.645918752267505,53.02258251894793,5.717505141649254,44.10229899602902,65.30556782502413,60000.0,60000.0,0.0,60000.0,60000.0,8.598829769999975,8.346167900000182,0.9769538441389846,7.651771099999678,12.116623699999764,8.496875,8.25,0.9790753853495493,7.46875,12.015625
cx0.9_mut0.0001,0.9,0.0001,test_2,20,20,1.0,55.04114733004953,55.50621547091316,3.5691151072645737,48.3684109688228,60.78911052295611,60000.0,60000.0,0.0,60000.0,60000.0,9.683281000000033,9.6097649000003,1.6347042282829303,7.653496500000074,13.501275800000258,9.5890625,9.4140625,1.618853030911327,7.625,13.453125
cx0.9_mut0.0001,0.9,0.0001,test_3,20,20,1.0,55.46457336693821,56.54443796852208,5.841931233402116,42.80282674376832,65.43844219012409,60000.0,60000.0,0.0,60000.0,60000.0,8.794096859999991,8.479712349999772,1.0524133733119037,7.5578435999996145,11.553705100000116,8.6890625,8.390625,1.045971232040623,7.40625,11.46875
cx0.9_mut0.0001,0.9,0.0001,test_4,20,20,1.0,49.22140056332211,50.22897841812099,4.777254084430136,41.835639059627994,57.669460591087194,60000.0,60000.0,0.0,60000.0,60000.0,8.493936265000139,8.299857100000281,0.6867190702794307,7.667081500000677,10.944139600000199,8.41328125,8.203125,0.6661123547888168,7.609375,10.796875
cx0.9_mut0.0001,0.9,0.0001,test_5,20,20,1.0,60.68341774017341,60.755302583817574,5.557374048870157,51.0958228814893,71.35554612473348,60000.0,60000.0,0.0,60000.0,60000.0,9.057791564999889,8.364596349999829,1.2528565037396378,7.783051599999453,11.61017399999946,8.95625,8.2890625,1.2326780891139337,7.75,11.484375
cx0.9_mut0.0001,0.9,0.0001,test_6,20,20,1.0,56.52179662181898,54.256266998294016,6.420750906736204,45.29913403515111,71.91146676038026,60000.0,60000.0,0.0,60000.0,60000.0,8.903578570000173,8.386213950000183,0.9819100018718276,7.989219699999921,11.366804900000716,8.71953125,8.203125,0.9668045379481003,7.8125,11.109375
cx0.9_mut0.0001,0.9,0.0001,test_7,20,20,1.0,59.72038773622471,60.50006271466092,6.233886588001791,48.36440578259457,70.91835916326278,60000.0,60000.0,0.0,60000.0,60000.0,9.28035082500005,8.73620979999987,1.5488608126458632,7.64679519999936,12.513391400000728,9.09609375,8.4921875,1.5017830941802017,7.4375,12.296875
cx0.9_mut0.0001,0.9,0.0001,test_8,20,20,1.0,53.007168133938364,52.40174890654115,4.981168456729019,46.365918885830375,65.31432375434449,60000.0,60000.0,0.0,60000.0,60000.0,8.914558824999995,8.681216099999801,0.8375432634905962,8.020783500000107,11.2585095000004,8.80390625,8.546875,0.8254359114270201,7.9375,11.09375
cx0.9_mut0.0001,0.9,0.0001,test_9,20,20,1.0,55.72840096806486,55.86424574298708,4.529120461368327,46.96508048078137,61.72508605041861,60000.0,60000.0,0.0,60000.0,60000.0,8.422701080000115,8.329003650000232,0.5573073948872365,7.7387729000001855,9.902226500000324,8.334375,8.2578125,0.5389915809566094,7.65625,9.765625
cx0.7_mut0.1,0.7,0.1,test_1,20,20,1.0,38.81243028356643,40.24629298722567,4.25593508932959,29.75044636469687,45.67717139626872,60000.0,60000.0,0.0,60000.0,60000.0,8.309285715000033,8.475654100000611,0.9920726014921113,6.867612299999564,10.45323720000033,8.19921875,8.40625,0.9758582987310722,6.71875,10.359375
cx0.7_mut0.1,0.7,0.1,test_10,20,20,1.0,36.19151328092064,36.46744782970517,3.106865417094389,29.53101676358061,42.51448618786659,60000.0,60000.0,0.0,60000.0,60000.0,8.08608613499996,8.0438486500002,0.7439412570115972,7.007510299999922,9.814933599999677,8.00078125,7.9140625,0.7234804821265685,6.9375,9.640625
cx0.7_mut0.1,0.7,0.1,test_2,20,20,1.0,34.26197999957873,34.20217915537245,3.371452641954816,27.712883282701057,39.29662761886231,60000.0,60000.0,0.0,60000.0,60000.0,8.47030317499998,8.245677850000448,1.0233314179735733,6.699047699999937,11.66627039999912,8.38984375,8.1640625,1.008642176846095,6.65625,11.5
cx0.7_mut0.1,0.7,0.1,test_3,20,20,1.0,35.989381346248976,37.06554246916163,2.564045628853798,30.725284629548415,39.525725806941054,60000.0,60000.0,0.0,60000.0,60000.0,8.806655735000003,8.996231099999477,0.7493393354182787,7.485822499999813,9.869460199999594,8.68984375,8.828125,0.7387324357549987,7.3125,9.796875
cx0.7_mut0.1,0.7,0.1,test_4,20,20,1.0,31.924253714337816,31.26986444757673,3.501012821706602,26.78411868604382,37.20816922973846,60000.0,60000.0,0.0,60000.0,60000.0,8.857349930000009,8.846678949999841,0.8522356995232697,7.377609199999824,10.916760600000089,8.765625,8.7734375,0.8338540040078959,7.34375,10.828125
cx0.7_mut0.1,0.7,0.1,test_5,20,20,1.0,40.582780127918845,39.57702442405809,3.5569142567590486,35.49506885908122,47.36317410463894,60000.0,60000.0,0.0,60000.0,60000.0,8.581458685000053,8.186797750000096,1.1822780290349149,7.218760900000234,10.470729900000151,8.490625,8.1171875,1.1551092345531655,7.1875,10.328125
cx0.7_mut0.1,0.7,0.1,test_6,20,20,1.0,39.53796291558642,39.5064669838239,3.1795238051193166,33.43736189699192,46.01872934157083,60000.0,60000.0,0.0,60000.0,60000.0,8.787843890000023,8.808853500000168,0.5073579727108478,7.839015699999436,9.86783050000031,8.59765625,8.6015625,0.49173041641328924,7.640625,9.625
cx0.7_mut0.1,0.7,0.1,test_7,20,20,1.0,35.731617109130504,33.78313548448561,4.663069954127386,28.967295860737284,45.974404065044375,60000.0,60000.0,0.0,60000.0,60000.0,8.109647679999899,8.101776650000375,0.792662031475331,7.050825999999688,9.540317899999536,7.95234375,7.9296875,0.7928979542872014,6.953125,9.3125
cx0.7_mut0.1,0.7,0.1,test_8,20,20,1.0,35.26973522986728,34.46813431638551,2.572482051118352,32.133181890479996,39.63482415302741,60000.0,60000.0,0.0,60000.0,60000.0,8.522260154999959,8.887474099999963,0.85230371431479,6.954860499999995,9.69501069999933,8.41328125,8.703125,0.8289775744091967,6.921875,9.5625
cx0.7_mut0.1,0.7,0.1,test_9,20,20,1.0,36.171802187463655,36.28711896417289,2.769216050585717,30.125149105941404,40.148524847459946,60000.0,60000.0,0.0,60000.0,60000.0,8.247476694999886,7.782251799999813,0.8782756194798301,7.234800199999881,9.963306100000409,8.16875,7.71875,0.8709020580621234,7.171875,9.890625
cx0.7_mut0.01,0.7,0.01,test_1,20,20,1.0,43.53005646327934,43.279638409202896,3.8417268492955454,35.071472793956495,53.02210873978057,60000.0,60000.0,0.0,60000.0,60000.0,9.597860224999886,9.363864349999858,1.4869923701917964,7.95000680000021,14.029786299999614,9.46328125,9.2109375,1.438967670028244,7.671875,13.65625
cx0.7_mut0.01,0.7,0.01,test_10,20,20,1.0,39.028384068197944,37.4019482136609,4.424654687810679,32.14328233128041,46.858205895498465,60000.0,60000.0,0.0,60000.0,60000.0,9.875375994999832,10.07608884999945,1.737662000987813,6.912970599999426,13.251326499999777,9.75703125,9.96875,1.6998472729745884,6.84375,13.03125
cx0.7_mut0.01,0.7,0.01,test_2,20,20,1.0,38.62484877424803,38.80863002076046,3.1689995563154256,30.12900100674775,43.83249866798396,60000.0,60000.0,0.0,60000.0,60000.0,9.561065170000166,9.27014515000019,1.4517535972368008,7.793182800000068,12.95991370000047,9.453125,9.21875,1.4313009931159613,7.671875,12.84375
cx0.7_mut0.01,0.7,0.01,test_3,20,20,1.0,39.30820239401974,39.29850710874349,3.3711077281336634,34.09466478698136,48.04825950343242,60000.0,60000.0,0.0,60000.0,60000.0,10.524295289999964,10.706464800000049,1.188132653442853,8.534965800000464,12.608430799999951,10.3953125,10.578125,1.1545940756130655,8.4375,12.484375
cx0.7_mut0.01,0.7,0.01,test_4,20,20,1.0,33.320491030923456,32.45058094259667,2.8850957706969473,29.05814957708438,39.14231277974925,60000.0,60000.0,0.0,60000.0,60000.0,10.195967754999902,10.163155850000294,1.2630783559856684,8.354312800000116,12.463790399999198,10.09921875,10.0234375,1.2657648456689141,8.25,12.375
cx0.7_mut0.01,0.7,0.01,test_5,20,20,1.0,41.866337719510526,42.20229155561117,3.352538558052752,35.45745349543937,48.50372004826819,60000.0,60000.0,0.0,60000.0,60000.0,9.325371714999937,9.270194400000037,0.9775460271585389,8.140105499999663,11.61829140000009,9.23359375,9.1875,0.9695783147054391,8.09375,11.484375
cx0.7_mut0.01,0.7,0.01,test_6,20,20,1.0,40.7461283731422,41.08404653274039,4.049503491357603,34.574934974673575,48.10576055685243,60000.0,60000.0,0.0,60000.0,60000.0,10.581303009999965,10.744653299999754,1.8109698428456549,8.119080600000416,15.112007299999277,10.37265625,10.5234375,1.7688080806323214,8.015625,14.78125
cx0.7_mut0.01,0.7,0.01,test_7,20,20,1.0,39.68248369763625,39.720658559547516,4.030176447182397,31.18502620215015,45.74342080707866,60000.0,60000.0,0.0,60000.0,60000.0,9.095593035000002,9.117400200000247,0.9686156891869341,7.570276999999805,11.204402900000787,8.93515625,8.8203125,0.95111110307183,7.484375,11.03125
cx0.7_mut0.01,0.7,0.01,test_8,20,20,1.0,38.68675002044158,38.171473064845344,3.781530437775071,32.77624544409635,47.592966761809855,60000.0,60000.0,0.0,60000.0,60000.0,10.147420329999886,9.633675199999743,1.7096605823518893,8.284362000000328,13.531503000000157,10.0359375,9.546875,1.6900420971964139,8.234375,13.421875
cx0.7_mut0.01,0.7,0.01,test_9,20,20,1.0,39.89019970859204,39.81246322152041,3.8214894762676366,34.894167091241094,49.17433920313872,60000.0,60000.0,0.0,60000.0,60000.0,9.824828735000164,9.582295850000264,1.3683549032583977,8.093294400000559,12.657122300000083,9.7171875,9.3984375,1.3537713449622095,8.0,12.53125
cx0.7_mut0.001,0.7,0.001,test_1,20,20,1.0,48.954959222467,48.37726651380292,5.094537700228707,40.67963224436777,59.611543494922124,60000.0,60000.0,0.0,60000.0,60000.0,9.109653414999912,8.910554100000127,0.9819012256654361,7.47650109999995,11.677192199999809,8.99375,8.7578125,0.9481901475553586,7.4375,11.4375
cx0.7_mut0.001,0.7,0.001,test_10,20,20,1.0,44.7868682744447,43.82136004655766,3.546630580171949,38.27666329085414,53.57013141163289,60000.0,60000.0,0.0,60000.0,60000.0,8.676932964999924,8.432822449999549,0.970735971034806,7.09795159999976,11.651494300000195,8.5796875,8.3125,0.9605700383208592,7.078125,11.5625
cx0.7_mut0.001,0.7,0.001,test_2,20,20,1.0,46.39086045527405,46.350457034142224,4.001643941364792,40.60140034374156,53.69328761415849,60000.0,60000.0,0.0,60000.0,60000.0,9.050076370000033,8.837441800000306,1.2273019554508129,7.683363500000269,13.413477299999613,8.96171875,8.71875,1.202537183386022,7.65625,13.234375
cx0.7_mut0.001,0.7,0.001,test_3,20,20,1.0,46.958293207422926,47.009164423213406,4.676160065529835,37.942252016158555,54.760609509515284,60000.0,60000.0,0.0,60000.0,60000.0,9.414913410000008,8.918114149999838,1.2222941483663479,8.280182200000127,12.231413399999838,9.2921875,8.796875,1.185844370433219,8.203125,12.015625
cx0.7_mut0.001,0.7,0.001,test_4,20,20,1.0,42.4883345839299,41.61508436804655,4.737582620626463,35.86334290023085,53.71566265577923,60000.0,60000.0,0.0,60000.0,60000.0,9.132858935000012,8.828580999999758,1.134868119556275,7.808514800000012,11.398991699999897,9.01875,8.75,1.1073009243972718,7.6875,11.109375
cx0.7_mut0.001,0.7,0.001,test_5,20,20,1.0,51.888624292714965,51.436695862842946,4.444960610702064,44.52270935335495,59.51379409212149,60000.0,60000.0,0.0,60000.0,60000.0,9.063861739999812,8.546844299999975,1.1516116920817379,7.94685649999974,11.967863099999704,8.975,8.421875,1.1466686050479586,7.921875,11.890625
cx0.7_mut0.001,0.7,0.001,test_6,20,20,1.0,48.38153561493044,48.889839874885496,4.080229506452982,42.00881540210859,59.36306588972242,60000.0,60000.0,0.0,60000.0,60000.0,9.928036769999972,9.744564850000188,1.2472517767826945,8.017284799999288,12.568956699999944,9.7234375,9.53125,1.21987865249344,7.8125,12.234375
cx0.7_mut0.001,0.7,0.001,test_7,20,20,1.0,48.76746458521291,50.43074147525388,5.498394473780204,40.26378827675076,58.98114309822811,60000.0,60000.0,0.0,60000.0,60000.0,9.848169904999986,9.650209000000359,1.5642934841939147,7.796611599999778,12.961610500000461,9.68046875,9.421875,1.5297427715674385,7.609375,12.625
cx0.7_mut0.001,0.7,0.001,test_8,20,20,1.0,45.65247261227172,46.232074455227355,3.5156504101568036,39.52682475335499,50.847629476718865,60000.0,60000.0,0.0,60000.0,60000.0,9.550942420000093,9.202557900000102,1.6292149260147046,8.0707323000006,13.790104799999426,9.42734375,9.109375,1.5956216032572543,8.03125,13.59375
cx0.7_mut0.001,0.7,0.001,test_9,20,20,1.0,48.629556813849945,49.022233396746394,3.745259261320777,40.41164400580596,57.00887742588798,60000.0,60000.0,0.0,60000.0,60000.0,9.015451355000142,8.62524440000061,1.2019149130726645,7.726566300000741,12.1670993000007,8.9140625,8.578125,1.1871374533133097,7.59375,12.0
cx0.7_mut0.0001,0.7,0.0001,test_1,20,20,1.0,66.80513525081196,65.68267721309579,7.638252677205661,53.89601732733915,81.04222144310478,60000.0,60000.0,0.0,60000.0,60000.0,9.679990224999893,9.521178250000048,1.318317636233037,7.266714299999876,13.225201499999912,9.56640625,9.421875,1.281950576677747,7.21875,12.90625
cx0.7_mut0.0001,0.7,0.0001,test_10,20,20,1.0,61.857503218929025,61.22268864219678,5.548037270172183,53.69545857715085,70.87634843618744,60000.0,60000.0,0.0,60000.0,60000.0,8.784943860000022,8.537405049999961,0.9721666801362003,7.923855099999855,11.368394400000398,8.68984375,8.4609375,0.9555724481910183,7.84375,11.21875
cx0.7_mut0.0001,0.7,0.0001,test_2,20,20,1.0,58.9344225240654,59.344899075410375,5.896918933710289,46.411202560249784,68.22483745227635,60000.0,60000.0,0.0,60000.0,60000.0,8.76804929000009,8.473338749999584,0.9111160035128413,7.64257169999928,10.783441999999923,8.6671875,8.3671875,0.8955685744520363,7.5625,10.6875
cx0.7_mut0.0001,0.7,0.0001,test_3,20,20,1.0,59.88593025505143,59.29566476361467,5.994205809355126,50.80112857719796,74.01319418836101,60000.0,60000.0,0.0,60000.0,60000.0,9.028572840000015,8.601816599999893,0.9227797419933014,8.073173900000256,10.849308300000303,8.91171875,8.5234375,0.8933444026991391,8.015625,10.75
cx0.7_mut0.0001,0.7,0.0001,test_4,20,20,1.0,53.509671934048036,51.69235859767855,5.671489608987324,43.73427746832981,66.0168440145864,60000.0,60000.0,0.0,60000.0,60000.0,8.996768055000121,8.63231210000049,1.104341597972392,7.719423600000482,11.314212500000394,8.9015625,8.5234375,1.0842290020022958,7.71875,11.171875
cx0.7_mut0.0001,0.7,0.0001,test_5,20,20,1.0,65.11699767486509,65.2105093488346,5.813741653295605,53.90435893967465,79.46861846836606,60000.0,60000.0,0.0,60000.0,60000.0,9.085192980000055,8.56453620000002,1.0553868340046175,7.949405200000001,11.516010700000152,8.9671875,8.4921875,1.040267838186144,7.828125,11.390625
cx0.7_mut0.0001,0.7,0.0001,test_6,20,20,1.0,60.48556790514948,58.392572379813274,6.177836361112763,49.40233126207585,73.36176854699303,60000.0,60000.0,0.0,60000.0,60000.0,8.985873779999883,8.547884600000089,1.078572317594047,7.7716841000001295,11.32809670000006,8.81796875,8.421875,1.0400377546245174,7.6875,11.203125
cx0.7_mut0.0001,0.7,0.0001,test_7,20,20,1.0,59.0443891567552,59.007839217624664,7.011937413722696,49.04305253943322,72.6234968642647,60000.0,60000.0,0.0,60000.0,60000.0,9.22110125499994,8.49855899999966,1.2274201396067812,7.811623399999917,11.87487770000007,9.07109375,8.4375,1.2149323959661673,7.6875,11.671875
cx0.7_mut0.0001,0.7,0.0001,test_8,20,20,1.0,59.364897953820446,57.967284108598854,6.369104841176873,46.70162129829456,71.16790892874958,60000.0,60000.0,0.0,60000.0,60000.0,8.811714820000088,8.446047350000299,0.9593307009334553,7.700864200000069,10.833164399999987,8.71015625,8.3203125,0.958890765308754,7.625,10.765625
cx0.7_mut0.0001,0.7,0.0001,test_9,20,20,1.0,60.39351536681728,60.88866847266971,6.4817578883974605,47.95880506409833,71.33641361631885,60000.0,60000.0,0.0,60000.0,60000.0,9.192613569999867,8.695746099999724,1.5123057816783978,7.734306999999717,13.804391000000578,9.10625,8.5703125,1.4913022225823132,7.671875,13.671875
cx0.5_mut0.1,0.5,0.1,test_1,20,20,1.0,40.72342715604533,40.72414915749305,5.23386922917115,30.424567116059382,54.529920547456726,60000.0,60000.0,0.0,60000.0,60000.0,8.310760864999974,8.381019449999485,0.7615683832884939,6.795203599999695,9.765037399999983,8.19921875,8.2734375,0.7344515462626284,6.703125,9.578125
cx0.5_mut0.1,0.5,0.1,test_10,20,20,1.0,36.97784379037234,37.72685140138245,3.9308059712721657,31.021810265443776,43.93017564297204,60000.0,60000.0,0.0,60000.0,60000.0,8.460055419999936,8.486222800000178,1.1779686497617399,6.82454080000025,10.80438409999988,8.35390625,8.34375,1.1572083843717162,6.734375,10.609375
cx0.5_mut0.1,0.5,0.1,test_2,20,20,1.0,35.18390751510274,34.976808291374724,3.9789017978886583,29.049234716907407,45.870474698551135,60000.0,60000.0,0.0,60000.0,60000.0,8.397075950000271,8.397471450000467,0.8381919448364951,7.0481523000007655,10.491873200000555,8.29921875,8.265625,0.826304089792351,6.921875,10.359375
cx0.5_mut0.1,0.5,0.1,test_3,20,20,1.0,36.989647705016154,36.2316516734045,4.093479614111369,30.91901676600008,44.59661379487189,60000.0,60000.0,0.0,60000.0,60000.0,8.827908539999862,8.926139749999948,0.89996745391234,7.288485500000206,10.623044399999344,8.70078125,8.75,0.8597901957544414,7.25,10.3125
cx0.5_mut0.1,0.5,0.1,test_4,20,20,1.0,30.99176369063276,30.33459745360844,3.9466531898975754,24.74533922592108,40.56112991013191,60000.0,60000.0,0.0,60000.0,60000.0,8.36931281499992,8.30851604999998,0.6754235124147125,7.290098799999214,9.447815599999558,8.25859375,8.1640625,0.6666522643558062,7.203125,9.328125
cx0.5_mut0.1,0.5,0.1,test_5,20,20,1.0,39.424729940059834,38.67228922523016,4.150690188380343,32.22449394384539,47.25822010835011,60000.0,60000.0,0.0,60000.0,60000.0,8.793238634999806,8.70664934999968,1.106490990430373,7.255967699999928,10.834836500000165,8.67890625,8.5859375,1.0681625785442508,7.140625,10.546875
cx0.5_mut0.1,0.5,0.1,test_6,20,20,1.0,37.537621502383764,37.873633960360046,3.763317565912046,29.228706973288606,44.83689294767796,60000.0,60000.0,0.0,60000.0,60000.0,9.264254059999894,9.255223900000146,0.8705438812229653,7.55986970000049,10.685503299999255,9.08125,9.0625,0.8404479734359716,7.4375,10.453125
cx0.5_mut0.1,0.5,0.1,test_7,20,20,1.0,34.50178423709594,35.39620736870433,4.149796578467865,28.234798334442775,41.173257039723154,60000.0,60000.0,0.0,60000.0,60000.0,8.634640785000055,8.453225350000139,0.7103531602949484,7.68218380000053,10.55621599999995,8.4890625,8.3125,0.7047969886642984,7.546875,10.4375
cx0.5_mut0.1,0.5,0.1,test_8,20,20,1.0,35.72174067471659,35.82423917710791,3.6173561256570497,29.29685591407936,43.69032857343939,60000.0,60000.0,0.0,60000.0,60000.0,8.83525003499999,9.05582964999985,0.8498583530864331,6.964802299999974,10.0245874000002,8.7140625,8.9609375,0.8352566552256164,6.875,9.84375
cx0.5_mut0.1,0.5,0.1,test_9,20,20,1.0,37.438182781452994,37.603466843743284,3.7945165543695842,28.93333102959643,43.012236135442414,60000.0,60000.0,0.0,60000.0,60000.0,8.59133802500005,8.513144799999736,0.9960472215761185,6.718787499999962,10.915495100000044,8.5078125,8.4609375,0.9958861206463582,6.609375,10.859375
cx0.5_mut0.01,0.5,0.01,test_1,20,20,1.0,42.98400414993636,42.12743596703402,4.135456244806575,35.244450582445,49.26390831364292,60000.0,60000.0,0.0,60000.0,60000.0,10.197684560000084,10.155818550000276,1.8458694571492362,7.06357029999981,13.715587400000004,10.06015625,10.0234375,1.7834147957432638,7.0625,13.34375
cx0.5_mut0.01,0.5,0.01,test_10,20,20,1.0,39.95439620777118,39.9193922877121,4.565922535927288,31.820858335014393,47.6233691461605,60000.0,60000.0,0.0,60000.0,60000.0,9.891536465000126,9.802612000000408,1.1536680733587614,7.9800193000000945,12.643919500000266,9.7859375,9.671875,1.1406204938627644,7.859375,12.484375
cx0.5_mut0.01,0.5,0.01,test_2,20,20,1.0,38.41503168267833,37.95574058968781,3.600595614733432,31.67408433404505,45.84850668855961,60000.0,60000.0,0.0,60000.0,60000.0,9.529054540000015,9.325054749999708,1.0379610567647126,7.947290399999474,12.449513700000352,9.4234375,9.2421875,1.00852018961538,7.875,12.21875
cx0.5_mut0.01,0.5,0.01,test_3,20,20,1.0,38.94983913537244,40.02532720065827,4.2243563136413576,30.36119723766069,45.5569532463333,60000.0,60000.0,0.0,60000.0,60000.0,10.659279044999995,10.786330000000362,1.627358426501348,8.123652599999332,14.066324699999313,10.53203125,10.65625,1.6082566294928076,7.890625,13.96875
cx0.5_mut0.01,0.5,0.01,test_4,20,20,1.0,33.923085003276135,33.747704510066264,2.461360146977731,30.04759686932127,40.231758202620185,60000.0,60000.0,0.0,60000.0,60000.0,10.219929154999909,10.15652874999978,1.265507999240299,7.879912899999908,13.006235300000299,10.1046875,10.0390625,1.2483655020903175,7.890625,12.765625
cx0.5_mut0.01,0.5,0.01,test_5,20,20,1.0,42.868279043674455,42.22289315291782,4.301639046315642,35.783494457759666,52.01583291225833,60000.0,60000.0,0.0,60000.0,60000.0,9.217855654999994,9.163679799999954,1.1919543341977317,7.712070900000072,12.131194500000674,9.12578125,9.0703125,1.17749720420595,7.578125,12.046875
cx0.5_mut0.01,0.5,0.01,test_6,20,20,1.0,42.86446987783142,42.68198640754872,4.933909918042889,35.45040138394409,55.8774172370832,60000.0,60000.0,0.0,60000.0,60000.0,10.406958824999947,10.668499749999683,1.5327885905703247,7.689777399999912,12.880055399999947,10.22109375,10.4375,1.5157672121967554,7.546875,12.734375
cx0.5_mut0.01,0.5,0.01,test_7,20,20,1.0,39.11855162204073,38.25500255477492,4.427023960373709,32.31889444347184,48.7551601332087,60000.0,60000.0,0.0,60000.0,60000.0,9.574546609999924,9.211445349999849,1.1557899920180659,8.050727699999698,12.207400399999642,9.40546875,9.0390625,1.1480581408884296,7.875,12.046875
cx0.5_mut0.01,0.5,0.01,test_8,20,20,1.0,38.90375180488337,38.67158457458531,1.8557725564695997,35.79791064450385,42.095421229531254,60000.0,60000.0,0.0,60000.0,60000.0,10.527876330000117,10.544553499999893,1.5355746383598845,7.950757600000543,13.448097600000438,10.39609375,10.4140625,1.4980822701978853,7.84375,13.1875
cx0.5_mut0.01,0.5,0.01,test_9,20,20,1.0,42.64703772747848,41.73176016149306,3.828581127760606,35.023445223180104,50.016156409581036,60000.0,60000.0,0.0,60000.0,60000.0,9.471838649999972,9.064688849999584,1.237566476088627,8.24111080000057,13.738663399999496,9.384375,8.984375,1.242591119051129,8.109375,13.65625
cx0.5_mut0.001,0.5,0.001,test_1,20,20,1.0,53.99311988529547,52.80886596397604,5.465542047951606,44.40758479420286,66.7169671338001,60000.0,60000.0,0.0,60000.0,60000.0,9.30767136499992,9.02705745000003,1.3113155168279815,7.696601499999815,12.535887799999728,9.171875,8.890625,1.2764975241951375,7.65625,12.34375
cx0.5_mut0.001,0.5,0.001,test_10,20,20,1.0,48.06286788582211,48.568626358064655,4.636324045087975,39.01835990584482,56.1811988192149,60000.0,60000.0,0.0,60000.0,60000.0,9.47571147499998,9.306097850000242,1.1375260888321461,8.081659500000569,11.498120700000072,9.36953125,9.1875,1.1127378492600972,7.984375,11.296875
cx0.5_mut0.001,0.5,0.001,test_2,20,20,1.0,46.490559921018544,46.570700151605436,4.1358816533061225,40.394294098581476,55.01866907010478,60000.0,60000.0,0.0,60000.0,60000.0,8.921958480000011,8.520728850000069,0.9146248625607221,7.723524200000611,10.613210600000457,8.8328125,8.4453125,0.8964003649649025,7.671875,10.484375
cx0.5_mut0.001,0.5,0.001,test_3,20,20,1.0,47.9233287964755,48.026142647136005,4.4906375801367,38.943966558800376,56.64986430389293,60000.0,60000.0,0.0,60000.0,60000.0,9.499181220000036,9.354965099999845,0.9962713239840342,7.9881975000007515,11.27088940000067,9.38671875,9.2265625,0.9755158865237394,7.90625,11.21875
cx0.5_mut0.001,0.5,0.001,test_4,20,20,1.0,41.23065812843295,41.705646350143866,3.444879457469479,36.18283114225107,46.633956505879645,60000.0,60000.0,0.0,60000.0,60000.0,9.041413754999985,8.620702849999816,1.2564664830274959,7.573494700000083,12.04246559999956,8.93671875,8.5625,1.2132919598054783,7.5,11.765625
cx0.5_mut0.001,0.5,0.001,test_5,20,20,1.0,50.88010232833984,51.09140489794298,5.5486514849529485,42.28273300307072,59.54854580365317,60000.0,60000.0,0.0,60000.0,60000.0,9.095129130000078,8.883813250000003,1.2107243716689085,7.648332100000516,12.260000199999922,8.98828125,8.78125,1.1769994863689741,7.609375,12.0
cx0.5_mut0.001,0.5,0.001,test_6,20,20,1.0,50.498279764970604,49.840285789114915,4.804364275002365,42.595148419155265,60.857253100658056,60000.0,60000.0,0.0,60000.0,60000.0,9.60368203499993,9.487064649999866,1.0454473266958901,7.7344280999996045,12.009046600000147,9.4,9.2890625,1.0474627670496282,7.453125,11.71875
cx0.5_mut0.001,0.5,0.001,test_7,20,20,1.0,50.381006562633345,48.93611385118284,7.067841200606976,40.13604338805563,73.21968342502491,60000.0,60000.0,0.0,60000.0,60000.0,9.213682655000003,8.890965849999702,1.093189718812591,8.074889200000143,12.344439600000442,9.03671875,8.7109375,1.0750190649127982,7.96875,12.0625
cx0.5_mut0.001,0.5,0.001,test_8,20,20,1.0,47.09777408174614,46.06500458829929,5.231420416467126,40.73261915714076,58.48502016454282,60000.0,60000.0,0.0,60000.0,60000.0,9.476726419999887,9.518224600000394,1.0808912674882694,7.942308099999536,11.524348399999326,9.36171875,9.4296875,1.0552952683551788,7.859375,11.484375
cx0.5_mut0.001,0.5,0.001,test_9,20,20,1.0,49.749935363082116,50.0525337480955,3.821449527522021,42.52290517013192,57.25742375087367,60000.0,60000.0,0.0,60000.0,60000.0,9.102531544999966,8.800150150000263,0.8564790382002864,8.039696799999547,10.568706199999724,9.00234375,8.6875,0.8308633814749492,8.03125,10.4375
cx0.5_mut0.0001,0.5,0.0001,test_1,20,20,1.0,65.54709814740474,67.51846445686203,6.981077973522416,52.18826100425326,82.80382372767042,60000.0,60000.0,0.0,60000.0,60000.0,9.0319299,9.081616549999808,0.8432520077436176,7.761759800000618,10.528585000000021,8.91328125,8.984375,0.8091796242294366,7.65625,10.40625
cx0.5_mut0.0001,0.5,0.0001,test_10,20,20,1.0,65.07361099785837,64.82290137948686,7.08840566512102,53.371895959108436,75.64702689868253,60000.0,60000.0,0.0,60000.0,60000.0,8.665890580000042,8.429127849999986,0.8146582228208151,7.634239699999853,10.737482999999884,8.571875,8.3515625,0.7927994982389271,7.59375,10.609375
cx0.5_mut0.0001,0.5,0.0001,test_2,20,20,1.0,61.782534917648796,61.52373098536091,6.640395043108514,50.89281563001272,72.4595609997924,60000.0,60000.0,0.0,60000.0,60000.0,8.619027240000014,8.334301749999668,0.99779299965709,7.646912000000157,10.527772300000834,8.53046875,8.203125,0.9820876594515582,7.578125,10.453125
cx0.5_mut0.0001,0.5,0.0001,test_3,20,20,1.0,64.24382489426843,64.25176207057362,9.079799129018435,47.98104060743759,82.16200289820983,60000.0,60000.0,0.0,60000.0,60000.0,8.649618559999954,8.352155750000293,0.9160299422388274,7.838778899999852,11.021524900000259,8.54140625,8.25,0.8683558097314762,7.8125,10.8125
cx0.5_mut0.0001,0.5,0.0001,test_4,20,20,1.0,59.52723048909223,57.0454075223726,8.002212997182518,46.65835015142885,78.62485254922206,60000.0,60000.0,0.0,60000.0,60000.0,8.93100744000003,8.454209649999939,1.3940579154136352,7.6871527999992395,12.618237799999406,8.83359375,8.375,1.383907628350811,7.625,12.546875
cx0.5_mut0.0001,0.5,0.0001,test_5,20,20,1.0,68.73849918689302,67.3375944177815,6.068902731114144,60.20706398629534,84.0607020063009,60000.0,60000.0,0.0,60000.0,60000.0,8.636848649999957,8.248159300000225,0.9702654815999255,7.741815899999892,11.368421400000443,8.54921875,8.1796875,0.9507327479465996,7.625,11.25
cx0.5_mut0.0001,0.5,0.0001,test_6,20,20,1.0,66.65234711778434,68.13679886739563,5.811636832986964,56.57279491951005,75.93996563151526,60000.0,60000.0,0.0,60000.0,60000.0,8.727535514999909,8.381820599999628,0.9611874997529257,7.749694799999816,11.27493670000058,8.55,8.1796875,0.9555499243340124,7.65625,11.09375
cx0.5_mut0.0001,0.5,0.0001,test_7,20,20,1.0,67.68755179471674,67.03163788704649,8.943244074869913,54.609868246801916,92.57264448877876,60000.0,60000.0,0.0,60000.0,60000.0,8.923802149999982,8.629189400000087,1.144963744658447,7.923193699999501,11.734188800000084,8.75390625,8.5078125,1.12071867866218,7.84375,11.46875
cx0.5_mut0.0001,0.5,0.0001,test_8,20,20,1.0,58.59077369161802,58.044636632838845,5.30564893293196,48.707263159014396,68.93839290410017,60000.0,60000.0,0.0,60000.0,60000.0,8.80488671499993,8.551912249999987,0.8483828659648446,7.70646300000044,10.510192599999755,8.69296875,8.4375,0.8357514856983741,7.671875,10.390625
cx0.5_mut0.0001,0.5,0.0001,test_9,20,20,1.0,64.681731329303,65.37532675564631,6.2257881040438585,52.77814160294983,77.77330708464426,60000.0,60000.0,0.0,60000.0,60000.0,9.077032935000034,8.493533199999547,1.2584693694184632,8.05485150000004,12.31351640000048,8.98359375,8.4140625,1.2565563562527329,7.9375,12.15625
cx0.3_mut0.1,0.3,0.1,test_1,20,20,1.0,40.66968508028303,40.98260726548177,3.1015398655873367,34.174318933810945,46.87039767440153,60000.0,60000.0,0.0,60000.0,60000.0,8.75171840999999,8.661386250000078,0.6657926673694065,7.592322699999386,9.896159500000067,8.6390625,8.59375,0.6245866231640943,7.578125,9.78125
cx0.3_mut0.1,0.3,0.1,test_10,20,20,1.0,36.51959213732003,36.56505635312918,3.3522587411667497,28.932535375784187,42.23072047374908,60000.0,60000.0,0.0,60000.0,60000.0,8.572798354999895,8.36278239999956,0.8030493785934925,7.402124100000037,9.999394299999949,8.4796875,8.296875,0.786954502484269,7.359375,9.921875
cx0.3_mut0.1,0.3,0.1,test_2,20,20,1.0,35.75388635243475,35.26444998444062,3.8665799478198615,30.510660176032513,47.82977267963064,60000.0,60000.0,0.0,60000.0,60000.0,8.6857074250001,8.630610850000267,0.937011622216517,6.946980699999585,10.369584600000053,8.58671875,8.53125,0.9055049540636879,6.921875,10.03125
cx0.3_mut0.1,0.3,0.1,test_3,20,20,1.0,38.637605320524564,38.32353879996013,3.0755284754768035,32.907972135449995,45.95263275327762,60000.0,60000.0,0.0,60000.0,60000.0,8.911005805000013,8.893948750000163,0.6780300515893175,7.599796700000297,10.181722500000433,8.8,8.796875,0.6569271256047076,7.5,10.125
cx0.3_mut0.1,0.3,0.1,test_4,20,20,1.0,32.086489219242026,31.73772108950306,3.091468380273137,27.443777581102683,37.77242592291832,60000.0,60000.0,0.0,60000.0,60000.0,8.508252360000096,8.39487730000019,0.8958491953168188,6.992710800000168,10.19050950000019,8.409375,8.28125,0.8738773342951154,6.953125,10.0625
cx0.3_mut0.1,0.3,0.1,test_5,20,20,1.0,40.47354514161954,41.49333526432454,3.060570584440894,35.23068010617655,45.347564647583575,60000.0,60000.0,0.0,60000.0,60000.0,8.901073499999757,8.884754999999586,0.6562403555975479,7.862994299999627,10.32180470000003,8.79765625,8.7890625,0.661427628707852,7.8125,10.234375
cx0.3_mut0.1,0.3,0.1,test_6,20,20,1.0,37.87844074736749,38.05845250040218,4.573318967254992,28.68217306265746,44.75061587506664,60000.0,60000.0,0.0,60000.0,60000.0,9.245348245000013,9.262737850000121,0.9747355349689453,7.030087900000581,10.923986799999511,9.05546875,9.1328125,0.9544987807701886,6.90625,10.671875
cx0.3_mut0.1,0.3,0.1,test_7,20,20,1.0,35.227583799435074,35.014640793344924,3.8321120715981927,30.07155434908605,41.90215530656741,60000.0,60000.0,0.0,60000.0,60000.0,8.559824520000074,8.361721549999857,0.9500588500096164,7.3015973000001395,10.840950800000428,8.39921875,8.2265625,0.9078008933491201,7.203125,10.65625
cx0.3_mut0.1,0.3,0.1,test_8,20,20,1.0,36.265104429475954,35.068605358923456,4.295655091777737,28.361225899379406,45.90968228619389,60000.0,60000.0,0.0,60000.0,60000.0,8.890682385000128,8.632165050000367,1.0626941489392265,7.448393699999542,11.684937900000477,8.77890625,8.515625,1.0439715112213437,7.40625,11.578125
cx0.3_mut0.1,0.3,0.1,test_9,20,20,1.0,38.5124895394829,37.778283821285925,3.3746329597364007,33.964852384024226,48.111160056051595,60000.0,60000.0,0.0,60000.0,60000.0,8.271258389999911,8.13749880000023,0.8475439926409459,7.33393629999955,10.598793099999966,8.1875,8.078125,0.822777858601739,7.265625,10.453125
cx0.3_mut0.01,0.3,0.01,test_1,20,20,1.0,45.06091087917768,44.84639042119962,4.473347355878909,35.80615767465362,51.73122622337161,60000.0,60000.0,0.0,60000.0,60000.0,9.575864464999995,9.783730699999978,1.1533776538376068,6.903254500000003,11.748078200000236,9.4609375,9.59375,1.113029100600202,6.84375,11.5
cx0.3_mut0.01,0.3,0.01,test_10,20,20,1.0,42.02728564179356,42.76262927861376,4.097838569182872,35.05228014981468,51.84763308716075,60000.0,60000.0,0.0,60000.0,60000.0,9.138100285000018,8.65614510000023,1.127121555879592,7.788985999999568,11.23915339999985,9.04609375,8.625,1.10664943864693,7.71875,11.15625
cx0.3_mut0.01,0.3,0.01,test_2,20,20,1.0,40.47197218078454,39.4125599880243,4.220518367768149,35.182845064710904,54.01082470247581,60000.0,60000.0,0.0,60000.0,60000.0,9.537399290000076,9.202865650000149,1.570650573873602,7.321253299999626,13.757916399999885,9.43828125,9.0859375,1.5462682804704833,7.265625,13.546875
cx0.3_mut0.01,0.3,0.01,test_3,20,20,1.0,39.83345647871595,40.3303067159935,3.8466507328914683,29.63957080969652,47.234780514488,60000.0,60000.0,0.0,60000.0,60000.0,10.29493132500006,10.600036549999459,1.4502193027065007,7.967541500000152,12.459944700000051,10.15859375,10.4765625,1.4285896885214002,7.859375,12.28125
cx0.3_mut0.01,0.3,0.01,test_4,20,20,1.0,34.86192287773307,34.06618305690191,4.067202909792047,28.77742947365319,44.45602401914476,60000.0,60000.0,0.0,60000.0,60000.0,9.78283304000015,9.938189850000072,1.2298464867520986,7.818898500000614,12.12401040000077,9.6671875,9.796875,1.2002550356042756,7.765625,11.90625
cx0.3_mut0.01,0.3,0.01,test_5,20,20,1.0,44.88273882016785,44.1220978495418,3.8811042616862994,39.608673579655154,52.23778582230976,60000.0,60000.0,0.0,60000.0,60000.0,9.857089215000087,9.974900000000162,1.0229400885429556,8.153016199999911,11.668136100000083,9.74296875,9.8203125,1.008438325681002,8.0625,11.59375
cx0.3_mut0.01,0.3,0.01,test_6,20,20,1.0,42.779298247658666,41.72695566520433,4.543731781262402,33.825057440246304,48.99804900400004,60000.0,60000.0,0.0,60000.0,60000.0,10.606321454999943,10.341713349999736,1.3363237245667323,8.143498200000067,13.120431700000154,10.3609375,10.0625,1.3009546643335868,7.984375,12.90625
cx0.3_mut0.01,0.3,0.01,test_7,20,20,1.0,39.24368444053894,38.736346551271396,4.100850496364915,32.90798746959161,47.58332976472351,60000.0,60000.0,0.0,60000.0,60000.0,10.027362329999914,9.480114149999736,1.9254895143980124,7.466731499999696,14.594156199999816,9.8359375,9.2890625,1.8710725039311291,7.375,14.296875
cx0.3_mut0.01,0.3,0.01,test_8,20,20,1.0,40.88830794067066,40.26211466295585,3.5169535014207987,37.027164922959294,47.74263249732736,60000.0,60000.0,0.0,60000.0,60000.0,10.313019389999955,10.292393549999815,1.5937680331669546,8.251285999999709,13.412775199999487,10.18359375,10.1171875,1.5856984685046813,8.09375,13.203125
cx0.3_mut0.01,0.3,0.01,test_9,20,20,1.0,43.49032124264538,42.362123131436014,5.315832673223926,36.91233831633626,56.788397054974254,60000.0,60000.0,0.0,60000.0,60000.0,9.469937809999829,9.123791200000142,1.322786460537695,7.91249340000013,11.86889069999961,9.3671875,9.0078125,1.307807047008062,7.84375,11.75
cx0.3_mut0.001,0.3,0.001,test_1,20,20,1.0,53.33730485402805,52.090778697805064,5.722891133781282,42.83614574686352,69.16971365745916,60000.0,60000.0,0.0,60000.0,60000.0,9.293956200000002,9.150548049999998,0.9686034413471708,7.823057300000073,11.274679099999958,9.18125,9.09375,0.9298122290279904,7.78125,11.125
cx0.3_mut0.001,0.3,0.001,test_10,20,20,1.0,49.20305262316329,48.06070821028922,5.978811392463035,41.529195946162126,61.14515032936259,60000.0,60000.0,0.0,60000.0,60000.0,9.24138626999993,8.752308449999418,1.281541506462518,7.866609600000629,12.715910999999323,9.1453125,8.6015625,1.257687095334025,7.78125,12.484375
cx0.3_mut0.001,0.3,0.001,test_2,20,20,1.0,50.44344010049157,49.49872180232221,5.073810377949997,41.33948534832238,59.096042914162936,60000.0,60000.0,0.0,60000.0,60000.0,9.015592345000005,8.862148549999802,0.9188561088437348,7.780324400000609,10.718520100000205,8.92734375,8.796875,0.9044087892198373,7.75,10.59375
cx0.3_mut0.001,0.3,0.001,test_3,20,20,1.0,49.89699259452108,49.27630441587984,5.45355311556414,38.661912962820956,58.784228786570374,60000.0,60000.0,0.0,60000.0,60000.0,9.286102184999937,8.711916799999472,1.5071305467187748,7.365915399999722,12.991066600000522,9.17421875,8.6328125,1.4735301116454957,7.21875,12.84375
cx0.3_mut0.001,0.3,0.001,test_4,20,20,1.0,43.99359512657813,44.23266754502009,3.469892071702248,36.99590489147207,48.87122966361559,60000.0,60000.0,0.0,60000.0,60000.0,9.036789995000072,8.643675450000046,1.1516686116553538,7.708168199999818,12.677873000000545,8.9171875,8.5625,1.1300496594089409,7.625,12.515625
cx0.3_mut0.001,0.3,0.001,test_5,20,20,1.0,54.2662256084966,53.835272855235345,6.912597676289057,42.526556156997835,69.19246990522491,60000.0,60000.0,0.0,60000.0,60000.0,9.163927140000032,8.459825249999994,1.4390203932604941,7.883061600000474,13.764742000000297,9.065625,8.3671875,1.4231495516570207,7.84375,13.640625
cx0.3_mut0.001,0.3,0.001,test_6,20,20,1.0,50.475902482753156,50.66346134757572,3.8159839176220265,42.12324979439129,59.75709249165853,60000.0,60000.0,0.0,60000.0,60000.0,9.778587475000176,9.500626100000318,1.6088628102113127,7.848722499999894,13.619583100000455,9.56875,9.3203125,1.5685114622586733,7.734375,13.3125
cx0.3_mut0.001,0.3,0.001,test_7,20,20,1.0,52.27497467794823,53.049884358166736,6.668226310554573,37.80701265238438,68.40153329888113,60000.0,60000.0,0.0,60000.0,60000.0,9.461514634999867,9.182095449999451,1.361961364701306,7.966645000000426,13.673911699999735,9.28828125,9.0,1.3533591078477316,7.796875,13.5
cx0.3_mut0.001,0.3,0.001,test_8,20,20,1.0,47.84506539407827,47.53974339777514,3.6358630707859674,39.73299799955697,54.014311928800105,60000.0,60000.0,0.0,60000.0,60000.0,9.520353754999997,9.184740549999788,0.9695643147094608,7.981122000000141,11.386866100000589,9.390625,9.03125,0.9522820366375875,7.890625,11.171875
cx0.3_mut0.001,0.3,0.001,test_9,20,20,1.0,52.11503721927695,52.30408423498652,4.944890726982183,41.05839114790066,60.23777013643683,60000.0,60000.0,0.0,60000.0,60000.0,9.200504,8.996013349999885,0.8380439796645808,8.122558499999286,10.83170439999958,9.10703125,8.9453125,0.8198565462160775,8.09375,10.75
cx0.3_mut0.0001,0.3,0.0001,test_1,20,20,1.0,74.39057982717642,73.52419964791929,10.749482695881706,59.41775960261579,98.41540384666449,60000.0,60000.0,0.0,60000.0,60000.0,9.145008184999892,8.918499499999825,0.9633103633256446,7.847709299999224,11.311489200000324,9.015625,8.84375,0.9154619151510921,7.8125,11.0
cx0.3_mut0.0001,0.3,0.0001,test_10,20,20,1.0,69.03280818820309,68.08444274200556,7.647331806727623,54.45249815785463,81.30979645360182,60000.0,60000.0,0.0,60000.0,60000.0,8.716874475000077,8.438184749999891,0.9029005332282269,7.858781900000395,10.878881599999659,8.6390625,8.3671875,0.8782672201744153,7.765625,10.75
cx0.3_mut0.0001,0.3,0.0001,test_2,20,20,1.0,65.77207916632136,65.69064722160503,8.744963139523305,50.19288738368762,85.28901400170237,60000.0,60000.0,0.0,60000.0,60000.0,8.723333395000054,8.318644399999812,0.994448504816181,7.904191500000707,11.090913300000466,8.6359375,8.2109375,0.9785568451437205,7.84375,10.984375
cx0.3_mut0.0001,0.3,0.0001,test_3,20,20,1.0,69.41858905956,70.0940654175887,8.850011714972359,54.20185955752513,83.62237349542156,60000.0,60000.0,0.0,60000.0,60000.0,8.61665121499991,8.32091225000022,0.8939261393204627,7.621283200000107,10.709171499999684,8.51953125,8.25,0.8785447904390338,7.53125,10.625
cx0.3_mut0.0001,0.3,0.0001,test_4,20,20,1.0,61.56181093926085,61.592118972649715,6.892933993928189,46.18156381835619,78.08985310451338,60000.0,60000.0,0.0,60000.0,60000.0,8.776710954999999,8.569140150000294,0.796434575863733,7.738295900000594,10.620875699999488,8.6640625,8.46875,0.7592375877405951,7.6875,10.515625
cx0.3_mut0.0001,0.3,0.0001,test_5,20,20,1.0,75.70899311141854,76.26019757918425,5.750155047838809,63.09849563704482,86.71289872777888,60000.0,60000.0,0.0,60000.0,60000.0,8.553422714999897,8.30276455000012,0.9330647587023907,7.867223999999624,11.991149100000257,8.45625,8.234375,0.9063719291842383,7.78125,11.8125
cx0.3_mut0.0001,0.3,0.0001,test_6,20,20,1.0,68.97816981541344,68.45236593775219,9.855940784165266,53.613236442575946,89.88062486206832,60000.0,60000.0,0.0,60000.0,60000.0,9.282221720000098,8.668151350000244,1.357265845989432,7.699293800000305,12.328742700000475,9.10859375,8.5078125,1.325558423707846,7.546875,12.125
cx0.3_mut0.0001,0.3,0.0001,test_7,20,20,1.0,73.43062016170038,69.62280309264037,10.230069898229186,59.0626997567425,103.22151432448173,60000.0,60000.0,0.0,60000.0,60000.0,9.103640580000047,8.493743950000407,1.309675784823824,7.921172899999874,11.863118199999917,8.94609375,8.390625,1.2650763816620498,7.796875,11.625
cx0.3_mut0.0001,0.3,0.0001,test_8,20,20,1.0,66.53014584611782,67.3085921114158,8.695574425843322,51.66820231536065,80.62314240834498,60000.0,60000.0,0.0,60000.0,60000.0,8.565223250000098,8.326069999999618,0.6931418497305428,7.817168000000493,10.611774500000138,8.4546875,8.2265625,0.6683352286061633,7.75,10.515625
cx0.3_mut0.0001,0.3,0.0001,test_9,20,20,1.0,67.60123958000074,66.34900733169172,9.810162892972508,56.949832819559624,90.29929104608824,60000.0,60000.0,0.0,60000.0,60000.0,8.706439885000009,8.360472749999644,0.9630977886707387,7.705058300000019,11.115372899999784,8.60625,8.3125,0.951129003647217,7.671875,11.0625
cx0.1_mut0.1,0.1,0.1,test_1,20,20,1.0,41.84455642497287,42.80513883482813,3.5435613814825597,35.13278899555428,48.7190684650058,60000.0,60000.0,0.0,60000.0,60000.0,8.586130909999998,8.268763249999893,1.1587543574487469,7.219579000000522,11.358553200000188,8.46328125,8.1484375,1.127456143296743,7.109375,11.21875
cx0.1_mut0.1,0.1,0.1,test_10,20,20,1.0,37.50925446047815,37.63406437688751,3.4931639563787615,29.62695341434648,42.831500440603065,60000.0,60000.0,0.0,60000.0,60000.0,8.36988752000002,8.28591600000027,0.7213030698148237,7.220559399999729,9.847847800000636,8.271875,8.1953125,0.7024649679877282,7.1875,9.71875
cx0.1_mut0.1,0.1,0.1,test_2,20,20,1.0,35.184253421173324,35.14535612455569,3.009873618284731,29.91874284136333,42.681358956539825,60000.0,60000.0,0.0,60000.0,60000.0,8.23648206999992,8.247343699999874,0.7275950990508563,7.036685799999759,9.9802423000001,8.17265625,8.1953125,0.7189372432019563,6.984375,9.953125
cx0.1_mut0.1,0.1,0.1,test_3,20,20,1.0,36.89360312010079,36.69600725387012,3.7360495777067366,31.507029392344126,42.88703547325224,60000.0,60000.0,0.0,60000.0,60000.0,9.117679200000111,9.060825399999885,0.9851553405701892,7.343029399999978,10.930017200000293,9.0140625,8.984375,0.977726608795144,7.265625,10.765625
cx0.1_mut0.1,0.1,0.1,test_4,20,20,1.0,32.12074628080305,31.449707099665524,4.417897567538088,25.58220495533327,43.232897021944595,60000.0,60000.0,0.0,60000.0,60000.0,8.532017424999912,8.613949600000069,0.7654773912151279,7.132449099999576,9.864421100000072,8.44375,8.53125,0.7490982792050017,7.0625,9.734375
cx0.1_mut0.1,0.1,0.1,test_5,20,20,1.0,41.29775831796474,40.89301703829986,3.3685105082226268,35.989483261414684,47.05879010017256,60000.0,60000.0,0.0,60000.0,60000.0,9.14615644000014,9.394790750000084,0.9619698186591098,7.11071450000054,10.450376700000561,9.04609375,9.28125,0.9329587791944437,7.046875,10.28125
cx0.1_mut0.1,0.1,0.1,test_6,20,20,1.0,38.094016037512375,37.96746831698944,3.668022443066174,32.59469884151225,46.96119749719291,60000.0,60000.0,0.0,60000.0,60000.0,9.369394045000082,9.503829400000086,1.2115350964606602,7.504823999999644,11.358179700000619,9.22421875,9.3984375,1.1799151270456913,7.4375,11.171875
cx0.1_mut0.1,0.1,0.1,test_7,20,20,1.0,35.335020927324535,35.91683377042466,3.547350496164839,28.66235907479039,41.37623633620941,60000.0,60000.0,0.0,60000.0,60000.0,8.805876184999988,8.893252100000154,0.9815351808311971,7.198890699999538,10.533729800000401,8.65546875,8.6875,0.9665519817097472,7.109375,10.46875
cx0.1_mut0.1,0.1,0.1,test_8,20,20,1.0,36.96410240436431,36.48052388397765,2.9920363644038566,32.383787340206595,44.02884952411451,60000.0,60000.0,0.0,60000.0,60000.0,9.097749949999933,9.009034999999585,1.0794574135140398,7.388561400000071,11.519408099999964,8.98671875,8.8984375,1.0737154173670862,7.34375,11.4375
cx0.1_mut0.1,0.1,0.1,test_9,20,20,1.0,38.621254910162044,38.7697301594809,2.911332390718115,33.96146248371338,46.65876859504128,60000.0,60000.0,0.0,60000.0,60000.0,8.615419644999838,8.307048749999922,1.036832555226372,7.296057199999268,11.082185199999913,8.525,8.21875,1.0244291976125304,7.234375,10.953125
cx0.1_mut0.01,0.1,0.01,test_1,20,20,1.0,47.28265330317925,47.29724922715534,4.6659410566778154,39.33768112270118,56.14724979610137,60000.0,60000.0,0.0,60000.0,60000.0,9.670781054999953,9.3144977500001,1.1906271248856282,7.529322800000045,12.809402500000033,9.546875,9.25,1.1668587815663132,7.390625,12.515625
cx0.1_mut0.01,0.1,0.01,test_10,20,20,1.0,42.10066249094645,41.376608523340906,4.908642421659248,35.335124168308695,52.506677508311334,60000.0,60000.0,0.0,60000.0,60000.0,9.77291925500008,9.785309999999754,1.2542118656929648,7.915164100000766,12.660191100000702,9.66484375,9.6875,1.246267814418287,7.875,12.46875
cx0.1_mut0.01,0.1,0.01,test_2,20,20,1.0,40.57587211895476,39.584186605258196,3.6526025534820166,34.836815157040014,47.292853201794756,60000.0,60000.0,0.0,60000.0,60000.0,9.784406514999954,9.803636499999811,1.295444777749669,7.709059200000411,12.19336149999981,9.67421875,9.671875,1.2647391210057126,7.6875,12.125
cx0.1_mut0.01,0.1,0.01,test_3,20,20,1.0,39.726606779187556,40.42109423555989,4.4191092535606735,30.740400979867996,48.0428409041332,60000.0,60000.0,0.0,60000.0,60000.0,10.071635534999995,9.940387650000048,1.2276988146982015,8.24335499999961,12.52221279999958,9.9484375,9.796875,1.225731731309163,8.109375,12.390625
cx0.1_mut0.01,0.1,0.01,test_4,20,20,1.0,36.05342345956511,34.994753042858406,4.531889428222251,29.769789142703956,47.081946769276044,60000.0,60000.0,0.0,60000.0,60000.0,9.791821949999939,9.432381350000014,1.2447091860931312,8.044290300000284,11.993209400000524,9.6625,9.296875,1.2328532008323747,7.9375,11.890625
cx0.1_mut0.01,0.1,0.01,test_5,20,20,1.0,43.81025546407271,43.89720884818277,4.4436042342389745,36.71843903485164,52.062174542557315,60000.0,60000.0,0.0,60000.0,60000.0,9.37513700999998,9.234712700000273,1.2719413974737857,7.815277300000162,12.282706899999539,9.2875,9.1328125,1.2595890424741922,7.6875,12.15625
cx0.1_mut0.01,0.1,0.01,test_6,20,20,1.0,43.681236689339855,43.03543706422289,4.697424300317547,36.229948254229264,51.14427489493136,60000.0,60000.0,0.0,60000.0,60000.0,10.344627020000052,10.116761650000171,1.330182378214956,8.11561780000011,13.652558800000406,10.14375,9.9453125,1.299597847083757,8.046875,13.390625
cx0.1_mut0.01,0.1,0.01,test_7,20,20,1.0,39.73847901364133,39.14126810091045,4.044049381492309,32.50022223366307,47.3604857219979,60000.0,60000.0,0.0,60000.0,60000.0,9.98736627999997,9.595887349999884,1.3865866885780023,8.179339500000424,12.92181729999993,9.81328125,9.4375,1.3706427203686855,7.890625,12.65625
cx0.1_mut0.01,0.1,0.01,test_8,20,20,1.0,39.053760200246515,39.58570224556793,3.7217286894429917,31.152807349905387,45.34456895608712,60000.0,60000.0,0.0,60000.0,60000.0,10.701969119999921,10.27219389999982,1.376485855565882,8.700030500000139,13.140233199999784,10.57265625,10.2109375,1.3491064732296698,8.609375,12.96875
cx0.1_mut0.01,0.1,0.01,test_9,20,20,1.0,42.99815189981694,41.619458152454605,4.605741378510317,36.88314052993667,55.477220274946966,60000.0,60000.0,0.0,60000.0,60000.0,9.017179075000012,8.846154749999641,0.9648342078894049,7.34063419999984,11.141902600000321,8.92890625,8.7890625,0.9507489662544376,7.3125,11.046875
cx0.1_mut0.001,0.1,0.001,test_1,20,20,1.0,55.36102996751058,55.161073344070616,4.022882827456185,49.180641995149365,64.04216180625306,60000.0,60000.0,0.0,60000.0,60000.0,9.59196527499996,9.495199249999814,1.1081114872060704,7.72907320000013,11.413276999999653,9.475,9.34375,1.0660905855100486,7.703125,11.28125
cx0.1_mut0.001,0.1,0.001,test_10,20,20,1.0,51.96343374726585,51.43935041118607,5.5134773424927195,41.4130848551277,62.973056172527116,60000.0,60000.0,0.0,60000.0,60000.0,8.78971415999995,8.723045100000036,0.8249084425287997,7.764392099999895,10.481910399999833,8.67734375,8.6171875,0.7874144135561573,7.640625,10.234375
cx0.1_mut0.001,0.1,0.001,test_2,20,20,1.0,50.969381458184856,50.75820404726258,4.717293106797926,44.24722257756633,63.87155815283821,60000.0,60000.0,0.0,60000.0,60000.0,9.209771814999977,8.75198225000031,1.240995442960236,8.17940279999948,13.181068799999593,9.1296875,8.65625,1.2275858432171272,8.125,13.09375
cx0.1_mut0.001,0.1,0.001,test_3,20,20,1.0,51.14034640032448,51.19163854995139,5.207481156024166,42.25254145594021,65.04009299914173,60000.0,60000.0,0.0,60000.0,60000.0,9.267321545000005,9.063511700000163,1.181021177662012,8.205514199999925,13.148778899999343,9.13828125,8.9375,1.130608677528305,8.140625,12.890625
cx0.1_mut0.001,0.1,0.001,test_4,20,20,1.0,46.77347479484646,47.06250886934907,5.844568392309616,33.7817792722988,53.803617032855314,60000.0,60000.0,0.0,60000.0,60000.0,9.039686455000037,9.091960550000294,0.7403914298404376,7.914162999999462,10.550723899999866,8.91875,8.8984375,0.7227185917277535,7.765625,10.375
cx0.1_mut0.001,0.1,0.001,test_5,20,20,1.0,56.48361132514774,56.76835590203886,6.533311737270855,46.5734040997202,69.37787963578302,60000.0,60000.0,0.0,60000.0,60000.0,9.520255010000119,9.223845500000152,1.2376710626758773,8.165730900000199,12.544685099999697,9.40390625,9.015625,1.2417001899156308,8.015625,12.46875
cx0.1_mut0.001,0.1,0.001,test_6,20,20,1.0,53.391411995060956,52.15956453377928,4.852269914387617,43.3521651319619,62.58790573717015,60000.0,60000.0,0.0,60000.0,60000.0,9.355164360000026,8.99424739999995,0.9893145185990246,8.24991349999982,11.436793099999704,9.1546875,8.8046875,0.9843802213729526,8.0625,11.296875
cx0.1_mut0.001,0.1,0.001,test_7,20,20,1.0,53.46426892497192,53.64599154977439,4.308381124996169,45.37474525968804,61.862550703190344,60000.0,60000.0,0.0,60000.0,60000.0,9.180983394999975,9.150739849999809,0.9930515391189509,7.854192200000398,11.723016799999641,9.01484375,8.90625,0.985991975515648,7.65625,11.5625
cx0.1_mut0.001,0.1,0.001,test_8,20,20,1.0,49.3189065828646,49.31525352008808,3.8754435327765684,42.55547120600573,56.41725769935746,60000.0,60000.0,0.0,60000.0,60000.0,9.35662544999991,9.272052949999761,0.862036517034543,8.144342000000506,11.258773700000347,9.24453125,9.1484375,0.8599545743004089,8.046875,11.1875
cx0.1_mut0.001,0.1,0.001,test_9,20,20,1.0,52.87443249366002,50.935615944071756,6.629959893069436,42.85377492663165,68.18601075965837,60000.0,60000.0,0.0,60000.0,60000.0,8.815739359999952,8.390624799999841,1.3689203079620225,7.393437300000187,12.927491699999337,8.734375,8.3203125,1.3479890297558454,7.375,12.8125
cx0.1_mut0.0001,0.1,0.0001,test_1,20,20,1.0,82.68658176511052,81.38272724422804,10.684734289500767,60.659123733636854,101.76588986554621,60000.0,60000.0,0.0,60000.0,60000.0,9.356386960000009,8.906655199999932,1.1984027338415697,7.4253794000005655,11.316664399999809,9.2328125,8.7734375,1.1582918937037143,7.375,11.21875
cx0.1_mut0.0001,0.1,0.0001,test_10,20,20,1.0,76.87911587436963,76.87467453854109,13.683343785873326,51.168400038926606,103.8043413283633,60000.0,60000.0,0.0,60000.0,60000.0,8.739096429999881,8.41306164999969,0.8274793628983892,7.825598499999614,11.296841000000313,8.634375,8.3515625,0.8044323656598189,7.765625,11.09375
cx0.1_mut0.0001,0.1,0.0001,test_2,20,20,1.0,73.41209660135304,72.18270574797131,10.281401618845841,55.706870288508014,98.09989318947099,60000.0,60000.0,0.0,60000.0,60000.0,8.71918194000009,8.444324349999988,1.0708548106657565,7.471625400000448,11.337850400000207,8.628125,8.359375,1.0372829909380918,7.375,11.21875
cx0.1_mut0.0001,0.1,0.0001,test_3,20,20,1.0,75.75679055987955,75.80302290529377,8.23951185508971,61.16420967472265,91.60019556199468,60000.0,60000.0,0.0,60000.0,60000.0,9.069893040000125,8.602628300000106,0.9881465111390373,8.060035000000425,10.5921658999996,8.95078125,8.484375,0.9616446103952867,7.984375,10.40625
cx0.1_mut0.0001,0.1,0.0001,test_4,20,20,1.0,70.40694443238799,71.20865568653633,10.193301019094507,52.226677220812654,89.85328043026053,60000.0,60000.0,0.0,60000.0,60000.0,8.413289215000031,8.281512399999883,0.5200301743126966,7.777472499999931,10.107581399999617,8.315625,8.21875,0.4953681429396462,7.765625,9.984375
cx0.1_mut0.0001,0.1,0.0001,test_5,20,20,1.0,84.4228993885907,84.42884568813216,12.116920240430105,65.26924266970607,106.01724711664643,60000.0,60000.0,0.0,60000.0,60000.0,8.528613290000113,8.474483499999678,0.6648066346947687,7.763001500000428,10.691191500000059,8.43359375,8.359375,0.6514918947608979,7.65625,10.578125
cx0.1_mut0.0001,0.1,0.0001,test_6,20,20,1.0,76.27490133994338,74.76350409881618,11.352044238439941,56.84632512042815,101.94231069109475,60000.0,60000.0,0.0,60000.0,60000.0,8.874767935000046,8.43208390000018,1.1534724113600259,7.607793799999854,11.722690200000216,8.684375,8.3046875,1.1253037784305178,7.421875,11.46875
cx0.1_mut0.0001,0.1,0.0001,test_7,20,20,1.0,80.36105768325176,79.01444344916776,10.381611126043856,59.0656768409984,102.31922957122164,60000.0,60000.0,0.0,60000.0,60000.0,9.094884395000054,8.63730729999952,1.0791986877109654,7.896773100000246,11.581993200000397,8.9109375,8.5078125,1.0841934475652493,7.671875,11.375
cx0.1_mut0.0001,0.1,0.0001,test_8,20,20,1.0,73.64459850914484,75.22692213295745,9.39598972552696,59.58068293277212,92.2950818349264,60000.0,60000.0,0.0,60000.0,60000.0,8.477144784999883,8.332768100000067,0.6028564789354732,7.68725749999976,9.943157599999722,8.35703125,8.2265625,0.584881724260004,7.5625,9.8125
cx0.1_mut0.0001,0.1,0.0001,test_9,20,20,1.0,76.64524705818391,73.51250596638359,12.071769230023,57.984842344887916,107.28045773752132,60000.0,60000.0,0.0,60000.0,60000.0,8.702982190000057,8.500142150000102,0.8125606653224917,7.612369500000568,10.773124399999688,8.61328125,8.3828125,0.7969455431882192,7.5625,10.625
