combo,crossover_rate,mutation_rate,n_runs,n_feasible,feasible_rate,fitness_mean,fitness_median,fitness_sd,fitness_min,fitness_max,evaluations_mean,evaluations_median,evaluations_sd,evaluations_min,evaluations_max,execution_time_mean,execution_time_median,execution_time_sd,execution_time_min,execution_time_max,cpu_time_mean,cpu_time_median,cpu_time_sd,cpu_time_min,cpu_time_max,mean_rank
cx0.9_mut0.1,0.9,0.1,200,200,1.0,35.479697782856555,34.77538572460723,4.199159090578571,26.66804718539288,49.62088716540329,60000.0,60000.0,0.0,60000.0,60000.0,8.356880264499985,8.312939999999799,0.8328261095066226,6.155777599999965,11.449753599999895,8.2490625,8.203125,0.8106491651376952,6.125,11.234375,3.35
cx0.9_mut0.01,0.9,0.01,200,200,1.0,39.62658628477843,39.139706717934374,4.206932990277284,30.07388249112504,52.07767872107583,60000.0,60000.0,0.0,60000.0,60000.0,9.758465349500032,9.465408300000036,1.4727894178000915,6.966470400000617,14.039270199999919,9.62921875,9.3359375,1.4407690240333484,6.9375,13.71875,6.77
cx0.9_mut0.001,0.9,0.001,200,200,1.0,46.42678566081402,46.2489073543714,5.572327377594912,34.90022917020609,65.4811427662301,60000.0,60000.0,0.0,60000.0,60000.0,9.124453529999975,8.851897499999723,1.0381338962361275,7.035889199999474,12.543324100000063,9.0021875,8.7109375,1.0188048644936032,6.96875,12.34375,11.45
cx0.9_mut0.0001,0.9,0.0001,200,200,1.0,56.20733118925535,56.05412594233084,6.483552988640805,41.835639059627994,74.50137624299911,60000.0,60000.0,0.0,60000.0,60000.0,8.964428535500037,8.481914400000278,1.1967610557911363,7.5578435999996145,13.501275800000258,8.849296875,8.375,1.1755776905316544,7.40625,13.453125,15.68
cx0.7_mut0.1,0.7,0.1,200,200,1.0,36.44734561946193,36.67976384543863,4.141335775713681,26.78411868604382,47.36317410463894,60000.0,60000.0,0.0,60000.0,60000.0,8.477836779499981,8.478700800000297,0.8968290133269344,6.699047699999937,11.66627039999912,8.366796875,8.375,0.8810180606815587,6.65625,11.5,4.065
cx0.7_mut0.01,0.7,0.01,200,200,1.0,39.46838822499911,39.52777701824159,4.409340922179992,29.05814957708438,53.02210873978057,60000.0,60000.0,0.0,60000.0,60000.0,9.87290812599997,9.595102499999939,1.4693988286557669,6.912970599999426,15.112007299999277,9.74625,9.4375,1.443606485829725,6.84375,14.78125,6.49
cx0.7_mut0.001,0.7,0.001,200,200,1.0,47.28989696625185,47.43519281127619,4.955054215439455,35.86334290023085,59.611543494922124,60000.0,60000.0,0.0,60000.0,60000.0,9.27908972849999,8.843724700000394,1.2783324648246686,7.09795159999976,13.790104799999426,9.156640625,8.7109375,1.2458655296691628,7.078125,13.59375,11.97
cx0.7_mut0.0001,0.7,0.0001,200,200,1.0,60.53980312403133,60.19015572433885,7.045648099419019,43.73427746832981,81.04222144310478,60000.0,60000.0,0.0,60000.0,60000.0,9.055482067499998,8.613550900000064,1.1256714077854995,7.266714299999876,13.804391000000578,8.9409375,8.53125,1.1052497571833113,7.21875,13.671875,17.01
cx0.5_mut0.1,0.5,0.1,200,200,1.0,36.54906489928785,36.72146875686421,4.7469906505045465,24.74533922592108,54.529920547456726,60000.0,60000.0,0.0,60000.0,60000.0,8.648383512999976,8.599020599999676,0.9238292519707585,6.718787499999962,10.915495100000044,8.52828125,8.4765625,0.8993662789944926,6.609375,10.859375,4.18
cx0.5_mut0.01,0.5,0.01,200,200,1.0,40.06284462549429,40.03774891084025,4.728037106431867,30.04759686932127,55.8774172370832,60000.0,60000.0,0.0,60000.0,60000.0,9.969655983500008,9.736782150000181,1.430828514430462,7.06357029999981,14.066324699999313,9.84390625,9.65625,1.4051948424840974,7.0625,13.96875,7.155
cx0.5_mut0.001,0.5,0.001,200,200,1.0,48.63076327178165,48.46992102006793,5.829393128992366,36.18283114225107,73.21968342502491,60000.0,60000.0,0.0,60000.0,60000.0,9.273768807999978,9.046658499999921,1.0962981373214187,7.573494700000083,12.535887799999728,9.148671875,8.9140625,1.0694044084706176,7.453125,12.34375,12.675
cx0.5_mut0.0001,0.5,0.0001,200,200,1.0,64.25252025665877,64.41806503140023,7.650674703387166,46.65835015142885,92.57264448877876,60000.0,60000.0,0.0,60000.0,60000.0,8.806757968499985,8.430700449999676,1.020826629613872,7.634239699999853,12.618237799999406,8.69203125,8.34375,1.0032954860878267,7.578125,12.546875,17.785
cx0.3_mut0.1,0.3,0.1,200,200,1.0,37.202442176718534,37.29647994583435,4.295859025679802,27.443777581102683,48.111160056051595,60000.0,60000.0,0.0,60000.0,60000.0,8.729766939499997,8.607932850000225,0.8774467276478967,6.946980699999585,11.684937900000477,8.613359375,8.5234375,0.8503963600647,6.90625,11.578125,4.53
cx0.3_mut0.01,0.3,0.01,200,200,1.0,41.35398987498863,41.08569106900891,5.045532476110161,28.77742947365319,56.788397054974254,60000.0,60000.0,0.0,60000.0,60000.0,9.860285860500003,9.764487850000023,1.4311900198855336,6.903254500000003,14.594156199999816,9.726171875,9.6328125,1.396049282721079,6.84375,14.296875,8.02
cx0.3_mut0.001,0.3,0.001,200,200,1.0,50.38515906813353,50.48884954709324,5.895002482034953,36.99590489147207,69.19246990522491,60000.0,60000.0,0.0,60000.0,60000.0,9.299871400000002,8.978399150000314,1.2239704021804751,7.365915399999722,13.764742000000297,9.1765625,8.828125,1.1962237008314558,7.21875,13.640625,13.35
cx0.3_mut0.0001,0.3,0.0001,200,200,1.0,69.24250356951727,69.15223641786251,9.56853819750544,46.18156381835619,103.22151432448173,60000.0,60000.0,0.0,60000.0,60000.0,8.818952637500008,8.456977550000374,1.008171953837031,7.621283200000107,12.328742700000475,8.704609375,8.359375,0.9755981073554891,7.53125,12.125,18.585
cx0.1_mut0.1,0.1,0.1,200,200,1.0,37.38645663048562,37.46903534593585,4.374692253019059,25.58220495533327,48.7190684650058,60000.0,60000.0,0.0,60000.0,60000.0,8.787679338999995,8.641498449999744,1.0201363669324743,7.036685799999759,11.519408099999964,8.6803125,8.5625,0.9987476454522846,6.984375,11.4375,4.93
cx0.1_mut0.01,0.1,0.01,200,200,1.0,41.502110141895045,40.97839163352222,5.226229293855166,29.769789142703956,56.14724979610137,60000.0,60000.0,0.0,60000.0,60000.0,9.851784281499986,9.712502399999721,1.3098422783874897,7.34063419999984,13.652558800000406,9.724296875,9.546875,1.2862900104411379,7.3125,13.390625,8.165
cx0.1_mut0.001,0.1,0.001,200,200,1.0,52.17402976898376,51.94443704652528,5.780165304946125,33.7817792722988,69.37787963578302,60000.0,60000.0,0.0,60000.0,60000.0,9.212722682499992,8.993293399999857,1.0787964433921855,7.393437300000187,13.181068799999593,9.089140625,8.8671875,1.0590127119832864,7.375,13.09375,14.29
cx0.1_mut0.0001,0.1,0.0001,200,200,1.0,77.04902332122153,76.32030214226612,11.452672162559763,51.168400038926606,107.28045773752132,60000.0,60000.0,0.0,60000.0,60000.0,8.797624018000029,8.456398150000496,0.9443580975247473,7.4253794000005655,11.722690200000216,8.67609375,8.3515625,0.9195540928641466,7.375,11.46875,19.55
