instance,instance_index,run,run_seed,cycle_time,feasible,branch,min_sigma,generations,evaluations,execution_time,cpu_time,seeded_fraction
test_1,0,0,42,5.349998658125694,True,right/down,0.2288140398051956,300,54200,23.945197000000917,23.828125,1.0
test_1,0,1,43,5.0865403850963755,True,right/down,0.23165407118327241,300,54200,23.253698599997733,23.078125,1.0
test_1,0,2,44,5.358840952886784,True,right/down,0.24844355352149228,300,54200,24.069831899993005,23.859375,1.0
test_1,0,3,45,4.9561237126829845,True,right/down,0.2419087089165961,300,54200,23.36788230000093,23.234375,1.0
test_1,0,4,46,5.085680247394852,True,right/down,0.19124696835601554,300,54200,24.32159859999956,24.140625,1.0
test_1,0,5,47,5.588039868729924,True,right/down,0.20838301218305894,300,54200,23.254674600000726,23.140625,1.0
test_1,0,6,48,5.1041087362579445,True,right/down,0.23111393520007198,300,54200,24.748216299994965,24.5625,1.0
test_1,0,7,49,5.216781155048459,True,right/down,0.22106488243791006,300,54200,23.691458799999964,23.625,1.0
test_1,0,8,50,5.112204972448005,True,right/down,0.23412537475540274,300,54200,23.354549699994095,23.25,1.0
test_1,0,9,51,5.334226496309599,True,right/down,0.2526140554087948,300,54200,22.433419000000868,22.296875,1.0
test_2,1,0,142,5.284916775124577,True,right/down,0.2348441246745756,300,54200,23.504123300001083,23.390625,1.0
test_2,1,1,143,5.258907734041463,True,right/down,0.21227449845054408,300,54200,23.7301651999951,23.578125,1.0
test_2,1,2,144,5.220622992702524,True,right/down,0.2319999385848434,300,54200,25.579601000004914,25.4375,1.0
test_2,1,3,145,5.251281405457432,True,right/down,0.24273687895655757,300,54200,23.951567800002522,23.8125,1.0
test_2,1,4,146,5.126592760841174,True,right/down,0.24127619574455977,300,54200,24.010511000000406,23.8125,1.0
test_2,1,5,147,5.383283616055314,True,right/down,0.24160630119337498,300,54200,25.153487299998233,25.015625,1.0
test_2,1,6,148,5.575311052996232,True,right/down,0.22341868515776284,300,54200,25.963029800004733,25.78125,1.0
test_2,1,7,149,5.672571756650259,True,right/down,0.24396959547334834,300,54200,24.070402400000603,23.984375,1.0
test_2,1,8,150,5.670566116962997,True,right/down,0.2026442232591595,300,54200,24.495538999995915,24.3125,1.0
test_2,1,9,151,5.3280401685492915,True,right/down,0.22677921668873308,300,54200,24.397850699999253,24.25,1.0
test_3,2,0,242,4.992887638387122,True,right/down,0.24977608767015738,300,54200,25.723825100001704,25.671875,1.0
test_3,2,1,243,4.8874105632208895,True,right/down,0.25968482622158506,300,54200,25.27494850000221,25.109375,1.0
test_3,2,2,244,4.977721782178654,True,right/down,0.23477103864108692,300,54200,24.61082699999679,24.4375,1.0
test_3,2,3,245,5.280451345557207,True,right/down,0.2286326776241801,300,54200,24.78150719999394,24.640625,1.0
test_3,2,4,246,4.961445283439266,True,right/down,0.25196953271603306,300,54200,24.201781100004155,24.0625,1.0
test_3,2,5,247,4.988163914416605,True,right/down,0.25906817743619764,300,54200,24.848490099997434,24.78125,1.0
test_3,2,6,248,5.043046557504534,True,right/down,0.23429466966972293,300,54200,26.161358700002893,25.9375,1.0
test_3,2,7,249,5.152959410096335,True,right/down,0.24736021222016424,300,54200,24.50589200000104,24.328125,1.0
test_3,2,8,250,5.101364399495997,True,right/down,0.2276582924427012,300,54200,24.480705200003285,24.234375,1.0
test_3,2,9,251,5.072316573096829,True,right/down,0.2295759241296131,300,54200,22.778891599999042,22.6875,1.0
test_4,3,0,342,4.898413149596058,True,right/down,0.22727361849293756,300,54200,24.55919459999859,24.484375,1.0
test_4,3,1,343,5.131977257466858,True,right/down,0.2459033322079,300,54200,24.172629900000175,24.015625,1.0
test_4,3,2,344,5.296441458798652,True,right/down,0.19303253401790324,300,54200,25.242642199998954,25.140625,1.0
test_4,3,3,345,5.164683374918891,True,right/down,0.2527454069362477,300,54200,23.839635800002725,23.671875,1.0
test_4,3,4,346,5.246957976046277,True,right/down,0.23063501852952434,300,54200,25.773130200002925,25.625,1.0
test_4,3,5,347,5.013071303646623,True,right/down,0.24491907695799006,300,54200,23.308082000003196,23.09375,1.0
test_4,3,6,348,5.173260442911871,True,right/down,0.23915562306329682,300,54200,24.28594719999819,23.984375,1.0
test_4,3,7,349,5.321539540035632,True,right/down,0.2581349080812655,300,54200,25.177502799997455,24.9375,1.0
test_4,3,8,350,5.449645511658026,True,right/down,0.24806750091572316,300,54200,24.243618600004993,23.984375,1.0
test_4,3,9,351,4.966106214745989,True,right/down,0.24645230278970376,300,54200,24.264529699998093,23.96875,1.0
test_5,4,0,442,5.211293605024486,True,right/down,0.2286349933692074,300,54200,23.955574899999192,23.734375,1.0
test_5,4,1,443,5.371547977541495,True,right/down,0.23854493501119473,300,54200,25.905996300003608,25.671875,1.0
test_5,4,2,444,5.208053922945022,True,right/down,0.24724933497679671,300,54200,25.78722679999919,25.65625,1.0
test_5,4,3,445,5.231961904036266,True,right/down,0.22303036259119605,300,54200,25.570850999996765,25.46875,1.0
test_5,4,4,446,5.409385335966586,True,right/down,0.2607446361531552,300,54200,23.023893500001577,22.859375,1.0
test_5,4,5,447,5.158288526027004,True,right/down,0.2522908058329913,300,54200,25.044238100002985,24.890625,1.0
test_5,4,6,448,5.143983685435894,True,right/down,0.252470307471873,300,54200,24.090244099999836,23.890625,1.0
test_5,4,7,449,5.024235596759823,True,right/down,0.22189888949217737,300,54200,24.720856699997967,24.53125,1.0
test_5,4,8,450,5.411758256723573,True,right/down,0.24501580926904903,300,54200,24.094853800001147,23.859375,1.0
test_5,4,9,451,5.287882158586811,True,right/down,0.2572078496342767,300,54200,23.170842799998354,22.859375,1.0
test_6,5,0,542,5.5111109156749825,True,right/down,0.19371336104488202,300,54200,22.504275100000086,22.140625,1.0
test_6,5,1,543,5.485852602908574,True,right/down,0.21958721952370863,300,54200,23.342753700002504,23.140625,1.0
test_6,5,2,544,5.67059778690488,True,right/down,0.19736081951222453,300,54200,23.632665199998883,23.453125,1.0
test_6,5,3,545,5.487057776190573,True,right/down,0.19764386838498965,300,54200,21.904905100003816,21.59375,1.0
test_6,5,4,546,5.264784335541245,True,right/down,0.22686824443222828,300,54200,24.801883799998905,24.40625,1.0
test_6,5,5,547,5.229545779138082,True,right/down,0.21925189000742704,300,54200,23.74386329999834,23.421875,1.0
test_6,5,6,548,5.649272856843092,True,right/down,0.23815210879112364,300,54200,21.752138200004993,21.421875,1.0
test_6,5,7,549,5.468843785932652,True,right/down,0.23942554361536802,300,54200,23.521560000001045,23.1875,1.0
test_6,5,8,550,5.596522311133112,True,right/down,0.24112720847138955,300,54200,25.224208500003442,24.875,1.0
test_6,5,9,551,5.142634478543142,True,right/down,0.2363141968934227,300,54200,23.831873100003577,23.40625,1.0
test_7,6,0,642,4.782353894910325,True,right/down,0.22335607742519184,300,54200,26.453108800000336,25.9375,1.0
test_7,6,1,643,5.1800005563337805,True,right/down,0.2580101306388969,300,54200,27.840319000002637,27.359375,1.0
test_7,6,2,644,4.957533821323318,True,right/down,0.2486859246736698,300,54200,25.985210999999254,25.328125,1.0
test_7,6,3,645,4.952746214773454,True,right/down,0.2586815886094184,300,54200,27.55203499999334,27.0,1.0
test_7,6,4,646,4.922784244169211,True,right/down,0.2272558018475356,300,54200,26.06189219999942,25.296875,1.0
test_7,6,5,647,5.012969855837998,True,right/down,0.24106324845663654,300,54200,27.329206199996406,26.546875,1.0
test_7,6,6,648,5.042003501803924,True,right/down,0.22274828194492974,300,54200,28.440846299999976,27.953125,1.0
test_7,6,7,649,5.451702490759326,True,right/down,0.24577243495429782,300,54200,26.751870000000054,26.109375,1.0
test_7,6,8,650,4.819688952969274,True,right/down,0.27479942352498266,300,54200,27.026456799998414,26.5,1.0
test_7,6,9,651,5.227139475922846,True,right/down,0.20553863566515132,300,54200,24.924272800002655,24.296875,1.0
test_8,7,0,742,5.398871164634668,True,right/down,0.2624437445415886,300,54200,27.686346100002993,27.140625,1.0
test_8,7,1,743,5.024709493411347,True,right/down,0.23583491099823417,300,54200,30.035779699996056,29.28125,1.0
test_8,7,2,744,5.032882685052341,True,right/down,0.24571745852727414,300,54200,26.02543909999804,25.453125,1.0
test_8,7,3,745,4.804343561461082,True,right/down,0.2336200956691425,300,54200,26.51978809999855,26.015625,1.0
test_8,7,4,746,5.0022852020701265,True,right/down,0.2599308586927315,300,54200,25.96869319999678,25.5625,1.0
test_8,7,5,747,5.518003635728299,True,right/down,0.2309514486623789,300,54200,28.119519600004423,27.671875,1.0
test_8,7,6,748,4.708023356958648,True,right/down,0.2519964685916375,300,54200,26.033154800003103,25.6875,1.0
test_8,7,7,749,5.473641756118447,True,right/down,0.2665315464854573,300,54200,27.387325199997576,26.984375,1.0
test_8,7,8,750,5.081363216203066,True,right/down,0.2476048890908765,300,54200,27.527636700004223,27.09375,1.0
test_8,7,9,751,5.256785777197621,True,right/down,0.25836610139016386,300,54200,27.045457699998224,26.671875,1.0
test_9,8,0,842,5.21407589056953,True,right/down,0.24337536345040436,300,54200,28.186145899999246,27.875,1.0
test_9,8,1,843,5.276492364226622,True,right/down,0.24223184037889098,300,54200,25.764048700002604,25.453125,1.0
test_9,8,2,844,5.319530852652454,True,right/down,0.22816011232120606,300,54200,26.050201200006995,25.671875,1.0
test_9,8,3,845,5.2872656742379025,True,right/down,0.19673858548616902,300,54200,26.456187700001465,26.21875,1.0
test_9,8,4,846,5.363968597741362,True,right/down,0.2361446069693268,300,54200,23.90276659999654,23.75,1.0
test_9,8,5,847,5.406871060504133,True,right/down,0.23098500008533002,300,54200,25.768147300004784,25.609375,1.0
test_9,8,6,848,5.329334154202599,True,right/down,0.23838229079276865,300,54200,26.131311899996945,26.015625,1.0
test_9,8,7,849,5.22962532043036,True,right/down,0.23479284687134752,300,54200,24.58535960000154,24.453125,1.0
test_9,8,8,850,5.146363043218581,True,right/down,0.23781448090560006,300,54200,24.940987800000585,24.84375,1.0
test_9,8,9,851,5.269701821743798,True,right/down,0.223835583536915,300,54200,24.825288200001523,24.71875,1.0
test_10,9,0,942,5.352220076555085,True,right/down,0.2228980814269767,300,54200,25.01078549999511,24.90625,1.0
test_10,9,1,943,5.250123220231526,True,right/down,0.22141465360271556,300,54200,24.795332699999562,24.640625,1.0
test_10,9,2,944,5.38772536867402,True,right/down,0.1933556568592809,300,54200,26.368813499997486,26.3125,1.0
test_10,9,3,945,5.320509050218239,True,right/down,0.20922109676756148,300,54200,26.119889599998714,25.9375,1.0
test_10,9,4,946,5.207645156693915,True,right/down,0.23461424755553506,300,54200,24.047939300005964,23.859375,1.0
test_10,9,5,947,5.318542404950101,True,right/down,0.23712809947437555,300,54200,25.049173400002473,24.953125,1.0
test_10,9,6,948,5.412682251895951,True,right/down,0.22358904006626737,300,54200,20.834152199997334,20.65625,1.0
test_10,9,7,949,5.48880647720691,True,right/down,0.16985216932819278,300,54200,20.6211994999976,20.515625,1.0
test_10,9,8,950,5.3538749803347,True,right/down,0.2391791515265997,300,54200,20.327782799999113,20.1875,1.0
test_10,9,9,951,5.66391942987941,True,right/down,0.24598021242565363,300,54200,20.369843300002685,20.234375,1.0
