instance,instance_index,n_runs,n_feasible,cycle_time_mean,cycle_time_median,cycle_time_sd,cycle_time_min,cycle_time_max,min_sigma_mean,min_sigma_median,min_sigma_sd,min_sigma_min,min_sigma_max,cpu_time_mean,cpu_time_median,cpu_time_sd,cpu_time_min,cpu_time_max,evaluations_mean
test_1,0,10,10,5.2192545184980625,5.164493063748232,0.18714724298679677,4.9561237126829845,5.588039868729924,0.22893686017678103,0.23138400319167218,0.018419207441769822,0.19124696835601554,0.2526140554087948,23.5015625,23.4375,0.6393937184997555,22.296875,24.5625,54200.0
test_2,1,10,10,5.377209437938126,5.306478471836934,0.19456359566228618,5.126592760841174,5.672571756650259,0.23015496581834594,0.2334220316297095,0.013994763829243187,0.2026442232591595,0.24396959547334834,24.3375,24.1171875,0.810467543390165,23.390625,25.78125,54200.0
test_3,2,10,10,5.045776746739344,5.017967097945828,0.11220106571408692,4.8874105632208895,5.280451345557207,0.24227914387714417,0.2410656254306256,0.012658967334281245,0.2276582924427012,0.25968482622158506,24.5890625,24.5390625,0.9074480227883578,22.6875,25.9375,54200.0
test_4,3,10,10,5.166209622982487,5.168971908915381,0.1713915212612794,4.898413149596058,5.449645511658026,0.23863193219924922,0.24541120458294502,0.018543304041558042,0.19303253401790324,0.2581349080812655,24.290625,24.0,0.7558079516135181,23.09375,25.625,54200.0
test_5,4,10,10,5.245839096904696,5.221627754530376,0.12552481253526365,5.024235596759823,5.411758256723573,0.24270879238019177,0.2461325721229229,0.014080157505873069,0.22189888949217737,0.2607446361531552,24.3421875,24.2109375,1.0700165598569285,22.859375,25.671875,54200.0
test_6,5,10,10,5.4506222628810335,5.486455189549574,0.18072839057614618,5.142634478543142,5.67059778690488,0.22094444606767638,0.22322773197796847,0.018742886982671205,0.19371336104488202,0.24112720847138955,23.1046875,23.296875,1.1152171581785466,21.421875,24.875,54200.0
test_7,6,10,10,5.034892300880346,4.985251838580658,0.20211820988892673,4.782353894910325,5.451702490759326,0.24059115477407103,0.24341784170546718,0.020857747666618163,0.20553863566515132,0.27479942352498266,26.2328125,26.3046875,1.0817659434570914,24.296875,27.953125,54200.0
test_8,7,10,10,5.130090984883564,5.057122950627703,0.2749370846815447,4.708023356958648,5.518003635728299,0.2492997522649485,0.249800678841257,0.012700436870465865,0.2309514486623789,0.2665315464854573,26.75625,26.828125,1.1713586825539155,25.453125,29.28125,54200.0
test_9,8,10,10,5.284322877952734,5.281879019232262,0.07591679986410374,5.146363043218581,5.406871060504133,0.23124607107979583,0.23546872692033716,0.013555339085287759,0.19673858548616902,0.24337536345040436,25.4609375,25.53125,1.137785420921933,23.75,27.875,54200.0
test_10,9,10,10,5.375604841663986,5.353047528444892,0.1285510485353519,5.207645156693915,5.66391942987941,0.2197232409033159,0.22324356074662205,0.02336470601607427,0.16985216932819278,0.24598021242565363,23.2203125,24.25,2.521440719698044,20.1875,26.3125,54200.0
