variant,label,split,instance,instance_index,seed,run_seed,agent_seed,best_fitness,total_distance,execution_time,cpu_time,evaluations,generations,feasible,mean_ls_rate,final_mutation_rate,final_crossover_rate
ga_ls00,GA no LS,test,test_1,0,0,42,-1,37.58246248805981,35.794937714425,4.309620499989251,4.125,60000,300,1,0.0,0.1,0.8
ga_ls10_offspring,GA 10% LS [LS on offspring],test,test_1,0,0,42,-1,37.65509841565512,36.09458164474708,5.874036100009107,5.515625,76218,300,1,0.09999999999999999,0.1,0.8
ga_ls50_offspring,GA 50% LS [LS on offspring],test,test_1,0,0,42,-1,38.77851401074157,37.07007139708378,7.4147687000076985,7.078125,141210,300,1,0.5,0.1,0.8
ga_ls100_offspring,GA 100% LS [LS on offspring],test,test_1,0,0,42,-1,35.53878627688262,34.177656610798685,7.463268899999093,7.1875,222000,300,1,1.0,0.1,0.8
ga_sched_offspring,GA scheduled LS [LS on offspring],test,test_1,0,0,42,-1,41.07839330078666,39.55656616626396,7.516491300004418,7.328125,146304,300,1,0.5333333333333333,0.1,0.8
ga_ls10_elites,GA 10% LS [LS on elites],test,test_1,0,0,42,-1,41.51873717316904,39.62879786195775,4.573041399999056,4.296875,63870,300,1,0.09999999999999999,0.1,0.8
ga_ls50_elites,GA 50% LS [LS on elites],test,test_1,0,0,42,-1,33.4527131736105,31.950481430432987,5.313246699995943,4.8125,78258,300,1,0.5,0.1,0.8
ga_ls100_elites,GA 100% LS [LS on elites],test,test_1,0,0,42,-1,30.9441148915378,29.260759237616405,6.694820099990466,6.09375,96000,300,1,1.0,0.1,0.8
ga_sched_elites,GA scheduled LS [LS on elites],test,test_1,0,0,42,-1,41.44063710248647,39.550397609717,5.179537199990591,5.046875,79338,300,1,0.5333333333333333,0.1,0.8
ga_ls00,GA no LS,test,test_1,0,1,43,-1,33.034213730727394,31.60593408611561,5.43674689999898,5.28125,60000,300,1,0.0,0.1,0.8
ga_ls10_offspring,GA 10% LS [LS on offspring],test,test_1,0,1,43,-1,43.72262382408138,42.0271825687935,5.112084699998377,4.671875,75570,300,1,0.09999999999999999,0.1,0.8
ga_ls50_offspring,GA 50% LS [LS on offspring],test,test_1,0,1,43,-1,38.180086538738024,36.79593559617306,8.077698499997496,7.578125,140760,300,1,0.5,0.1,0.8
ga_ls100_offspring,GA 100% LS [LS on offspring],test,test_1,0,1,43,-1,40.62956902212853,38.97681606428166,7.182718800002476,6.234375,222000,300,1,1.0,0.1,0.8
ga_sched_offspring,GA scheduled LS [LS on offspring],test,test_1,0,1,43,-1,43.553437491602054,41.86043077600064,5.698099699991872,4.34375,146586,300,1,0.5333333333333333,0.1,0.8
ga_ls10_elites,GA 10% LS [LS on elites],test,test_1,0,1,43,-1,34.33182190784933,32.95388496458469,5.067674399993848,3.796875,63606,300,1,0.09999999999999999,0.1,0.8
ga_ls50_elites,GA 50% LS [LS on elites],test,test_1,0,1,43,-1,48.84324478869102,47.21039217963363,4.522591500004637,3.375,77904,300,1,0.5,0.1,0.8
ga_ls100_elites,GA 100% LS [LS on elites],test,test_1,0,1,43,-1,34.78053279095728,33.21898568607675,6.205325899994932,4.6875,96000,300,1,1.0,0.1,0.8
ga_sched_elites,GA scheduled LS [LS on elites],test,test_1,0,1,43,-1,34.15707940684332,32.80223433210209,5.890618000004906,4.734375,79098,300,1,0.5333333333333333,0.1,0.8
ga_ls00,GA no LS,test,test_1,0,2,44,-1,40.23521277923027,38.38840289778978,4.6371164999873145,3.640625,60000,300,1,0.0,0.1,0.8
ga_ls10_offspring,GA 10% LS [LS on offspring],test,test_1,0,2,44,-1,34.74402796927872,33.312479761241974,4.197958599994308,3.203125,76596,300,1,0.09999999999999999,0.1,0.8
ga_ls50_offspring,GA 50% LS [LS on offspring],test,test_1,0,2,44,-1,42.92042284632417,41.47893263644823,5.367901899997378,4.109375,141612,300,1,0.5,0.1,0.8
ga_ls100_offspring,GA 100% LS [LS on offspring],test,test_1,0,2,44,-1,44.25464244099661,42.78488558220427,6.86378089999198,5.09375,222000,300,1,1.0,0.1,0.8
ga_sched_offspring,GA scheduled LS [LS on offspring],test,test_1,0,2,44,-1,34.576752527022514,33.16510440027927,5.2899461000051815,3.953125,147090,300,1,0.5333333333333333,0.1,0.8
ga_ls10_elites,GA 10% LS [LS on elites],test,test_1,0,2,44,-1,39.36132116044658,37.86531394578153,4.987588699994376,3.78125,63546,300,1,0.09999999999999999,0.1,0.8
ga_ls50_elites,GA 50% LS [LS on elites],test,test_1,0,2,44,-1,38.53336134096545,37.240273768696454,5.4514247000042815,4.140625,78378,300,1,0.5,0.1,0.8
ga_ls100_elites,GA 100% LS [LS on elites],test,test_1,0,2,44,-1,37.1093589015211,35.87563645188906,4.846388400008436,3.671875,96000,300,1,1.0,0.1,0.8
ga_sched_elites,GA scheduled LS [LS on elites],test,test_1,0,2,44,-1,39.07905120106514,37.5602915266297,5.452577799995197,5.15625,79152,300,1,0.5333333333333333,0.1,0.8
ga_ls00,GA no LS,test,test_2,1,0,142,-1,35.091657418543285,33.53105891321113,3.9345249999896623,3.859375,60000,300,1,0.0,0.1,0.8
ga_ls10_offspring,GA 10% LS [LS on offspring],test,test_2,1,0,142,-1,39.361576655438085,37.883208979384385,5.587603299994953,5.578125,76098,300,1,0.09999999999999999,0.1,0.8
ga_ls50_offspring,GA 50% LS [LS on offspring],test,test_2,1,0,142,-1,31.45967904392169,29.849734113933337,6.29956110000785,6.1875,141576,300,1,0.5,0.1,0.8
ga_ls100_offspring,GA 100% LS [LS on offspring],test,test_2,1,0,142,-1,33.13837121477402,31.775227416385206,6.60336510000343,6.390625,222000,300,1,1.0,0.1,0.8
ga_sched_offspring,GA scheduled LS [LS on offspring],test,test_2,1,0,142,-1,39.28154034260658,37.80231822254134,7.77635499999451,7.625,146310,300,1,0.5333333333333333,0.1,0.8
ga_ls10_elites,GA 10% LS [LS on elites],test,test_2,1,0,142,-1,36.30216836290194,34.5674368942112,4.4455558999907225,4.4375,63528,300,1,0.09999999999999999,0.1,0.8
ga_ls50_elites,GA 50% LS [LS on elites],test,test_2,1,0,142,-1,37.91925004727914,36.41040475888418,5.199845299997833,5.09375,77862,300,1,0.5,0.1,0.8
ga_ls100_elites,GA 100% LS [LS on elites],test,test_2,1,0,142,-1,37.542414002238665,36.23523353653391,5.653489300006186,5.609375,96000,300,1,1.0,0.1,0.8
ga_sched_elites,GA scheduled LS [LS on elites],test,test_2,1,0,142,-1,34.97794150272104,33.2444021630085,5.100426499993773,4.984375,79200,300,1,0.5333333333333333,0.1,0.8
ga_ls00,GA no LS,test,test_2,1,1,143,-1,32.15877432288313,30.74394166134492,4.3912383999995654,4.328125,60000,300,1,0.0,0.1,0.8
ga_ls10_offspring,GA 10% LS [LS on offspring],test,test_2,1,1,143,-1,38.73826313469484,37.08915000825006,4.193656299990835,4.171875,76098,300,1,0.09999999999999999,0.1,0.8
ga_ls50_offspring,GA 50% LS [LS on offspring],test,test_2,1,1,143,-1,37.49671062560032,35.823380539967275,7.600527899994631,7.453125,140940,300,1,0.5,0.1,0.8
ga_ls100_offspring,GA 100% LS [LS on offspring],test,test_2,1,1,143,-1,29.60767233361383,28.033348639311043,7.7420999000023585,7.6875,222000,300,1,1.0,0.1,0.8
ga_sched_offspring,GA scheduled LS [LS on offspring],test,test_2,1,1,143,-1,35.93675303529003,34.31870416746309,6.993546099998639,6.953125,146394,300,1,0.5333333333333333,0.1,0.8
ga_ls10_elites,GA 10% LS [LS on elites],test,test_2,1,1,143,-1,33.06567943593374,31.339753232224094,4.6309022000059485,4.578125,63366,300,1,0.09999999999999999,0.1,0.8
ga_ls50_elites,GA 50% LS [LS on elites],test,test_2,1,1,143,-1,34.12031522415967,32.48965707961457,5.964428499995847,5.921875,78078,300,1,0.5,0.1,0.8
ga_ls100_elites,GA 100% LS [LS on elites],test,test_2,1,1,143,-1,26.781962249384307,25.619227918383473,5.365584399987711,5.25,96000,300,1,1.0,0.1,0.8
ga_sched_elites,GA scheduled LS [LS on elites],test,test_2,1,1,143,-1,33.103156344310214,31.446677902949165,6.063754799994058,6.0,79092,300,1,0.5333333333333333,0.1,0.8
ga_ls00,GA no LS,test,test_2,1,2,144,-1,30.66039691103405,29.19905400146181,3.893829300010111,3.875,60000,300,1,0.0,0.1,0.8
ga_ls10_offspring,GA 10% LS [LS on offspring],test,test_2,1,2,144,-1,29.928225488877523,28.44163503536625,4.357741100000567,4.328125,76548,300,1,0.09999999999999999,0.1,0.8
ga_ls50_offspring,GA 50% LS [LS on offspring],test,test_2,1,2,144,-1,29.424090451173548,28.071538524908842,5.472028599993791,5.453125,141648,300,1,0.5,0.1,0.8
ga_ls100_offspring,GA 100% LS [LS on offspring],test,test_2,1,2,144,-1,33.55417050638188,32.12812391400478,9.551687099999981,9.4375,222000,300,1,1.0,0.1,0.8
ga_sched_offspring,GA scheduled LS [LS on offspring],test,test_2,1,2,144,-1,30.773373354107488,29.214002485335456,5.605960499990033,5.453125,146718,300,1,0.5333333333333333,0.1,0.8
ga_ls10_elites,GA 10% LS [LS on elites],test,test_2,1,2,144,-1,35.78364242560433,34.473478839479995,4.193221900000935,4.0625,63654,300,1,0.09999999999999999,0.1,0.8
ga_ls50_elites,GA 50% LS [LS on elites],test,test_2,1,2,144,-1,32.017678526063335,30.552310376452027,4.380430700010038,4.3125,78564,300,1,0.5,0.1,0.8
ga_ls100_elites,GA 100% LS [LS on elites],test,test_2,1,2,144,-1,38.28420175054637,36.625094954633866,6.853044899995439,6.8125,96000,300,1,1.0,0.1,0.8
ga_sched_elites,GA scheduled LS [LS on elites],test,test_2,1,2,144,-1,35.55285709024251,34.28317897407743,5.225485699993442,5.109375,79374,300,1,0.5333333333333333,0.1,0.8
ga_ls00,GA no LS,test,test_3,2,0,242,-1,32.11256688216115,30.686118004959482,4.38139009999577,4.3125,60000,300,1,0.0,0.1,0.8
ga_ls10_offspring,GA 10% LS [LS on offspring],test,test_3,2,0,242,-1,34.697976906317265,33.095286942296774,7.5321770000009565,7.390625,76164,300,1,0.09999999999999999,0.1,0.8
ga_ls50_offspring,GA 50% LS [LS on offspring],test,test_3,2,0,242,-1,37.405621486284296,35.63632577914609,9.650705199994263,9.46875,140586,300,1,0.5,0.1,0.8
ga_ls100_offspring,GA 100% LS [LS on offspring],test,test_3,2,0,242,-1,35.64458506337383,33.82845602374358,11.591498800000409,11.359375,222000,300,1,1.0,0.1,0.8
ga_sched_offspring,GA scheduled LS [LS on offspring],test,test_3,2,0,242,-1,34.677760841982014,33.06638569771792,9.168189100004383,8.703125,145818,300,1,0.5333333333333333,0.1,0.8
ga_ls10_elites,GA 10% LS [LS on elites],test,test_3,2,0,242,-1,36.82423943032545,34.85542888092721,6.0296404999971855,5.609375,63468,300,1,0.09999999999999999,0.1,0.8
ga_ls50_elites,GA 50% LS [LS on elites],test,test_3,2,0,242,-1,37.99681391616668,36.55977616641427,5.627340899998671,5.109375,78282,300,1,0.5,0.1,0.8
ga_ls100_elites,GA 100% LS [LS on elites],test,test_3,2,0,242,-1,35.04180110728217,33.24386069580771,7.815590700003668,7.375,96000,300,1,1.0,0.1,0.8
ga_sched_elites,GA scheduled LS [LS on elites],test,test_3,2,0,242,-1,37.75467071772113,35.963894787334446,5.867084199999226,5.625,79146,300,1,0.5333333333333333,0.1,0.8
ga_ls00,GA no LS,test,test_3,2,1,243,-1,40.24228782333857,38.78798584352621,4.959921900008339,4.765625,60000,300,1,0.0,0.1,0.8
ga_ls10_offspring,GA 10% LS [LS on offspring],test,test_3,2,1,243,-1,39.131085192824216,37.77274914283941,4.475154300002032,4.34375,75996,300,1,0.09999999999999999,0.1,0.8
ga_ls50_offspring,GA 50% LS [LS on offspring],test,test_3,2,1,243,-1,34.51617763665018,32.78663108173799,11.313144900006591,10.078125,140910,300,1,0.5,0.1,0.8
ga_ls100_offspring,GA 100% LS [LS on offspring],test,test_3,2,1,243,-1,40.12334393175536,38.44955956397581,20.019377200005692,18.125,222000,300,1,1.0,0.1,0.8
ga_sched_offspring,GA scheduled LS [LS on offspring],test,test_3,2,1,243,-1,39.075788613196046,37.6572017298716,9.189714699998149,9.078125,146700,300,1,0.5333333333333333,0.1,0.8
ga_ls10_elites,GA 10% LS [LS on elites],test,test_3,2,1,243,-1,32.82634598856347,31.17923781367572,5.318523099995218,5.015625,63654,300,1,0.09999999999999999,0.1,0.8
ga_ls50_elites,GA 50% LS [LS on elites],test,test_3,2,1,243,-1,46.69120236761491,44.96417005168808,7.122486899999785,6.1875,77484,300,1,0.5,0.1,0.8
ga_ls100_elites,GA 100% LS [LS on elites],test,test_3,2,1,243,-1,38.086480375166424,36.125988565646225,8.48391249999986,7.0625,96000,300,1,1.0,0.1,0.8
ga_sched_elites,GA scheduled LS [LS on elites],test,test_3,2,1,243,-1,32.53184995342276,30.89817256103444,8.707430900001782,7.4375,79290,300,1,0.5333333333333333,0.1,0.8
ga_ls00,GA no LS,test,test_3,2,2,244,-1,35.47951578984787,33.50335045786226,9.602661400000216,8.203125,60000,300,1,0.0,0.1,0.8
ga_ls10_offspring,GA 10% LS [LS on offspring],test,test_3,2,2,244,-1,33.51366856242502,31.93253466955005,9.755205299996305,8.921875,76098,300,1,0.09999999999999999,0.1,0.8
ga_ls50_offspring,GA 50% LS [LS on offspring],test,test_3,2,2,244,-1,35.211130293439844,33.90764177431657,10.12126569999964,9.96875,141672,300,1,0.5,0.1,0.8
ga_ls100_offspring,GA 100% LS [LS on offspring],test,test_3,2,2,244,-1,34.682945487787606,33.10331697339232,15.303086200001417,14.984375,222000,300,1,1.0,0.1,0.8
ga_sched_offspring,GA scheduled LS [LS on offspring],test,test_3,2,2,244,-1,33.54660940499178,31.92802595846162,14.176984700010507,13.828125,146496,300,1,0.5333333333333333,0.1,0.8
ga_ls10_elites,GA 10% LS [LS on elites],test,test_3,2,2,244,-1,33.3784491684792,31.637799093764716,9.976110899995547,9.8125,63786,300,1,0.09999999999999999,0.1,0.8
ga_ls50_elites,GA 50% LS [LS on elites],test,test_3,2,2,244,-1,33.9020219462719,32.392225930417354,10.925497599993832,10.6875,78246,300,1,0.5,0.1,0.8
ga_ls100_elites,GA 100% LS [LS on elites],test,test_3,2,2,244,-1,35.16358549899864,33.80332212949451,10.762245699996129,10.578125,96000,300,1,1.0,0.1,0.8
ga_sched_elites,GA scheduled LS [LS on elites],test,test_3,2,2,244,-1,33.40601868225845,31.651945937543445,11.708566000001156,11.453125,79074,300,1,0.5333333333333333,0.1,0.8
ga_ls00,GA no LS,test,test_4,3,0,342,-1,37.60919689016189,36.24097954177523,8.757342400000198,8.609375,60000,300,1,0.0,0.1,0.8
ga_ls10_offspring,GA 10% LS [LS on offspring],test,test_4,3,0,342,-1,26.07778276855783,24.562375256571002,9.621695299996645,9.4375,75858,300,1,0.09999999999999999,0.1,0.8
ga_ls50_offspring,GA 50% LS [LS on offspring],test,test_4,3,0,342,-1,29.833060881345812,28.264172732869458,8.23023230000399,8.0,139656,300,1,0.5,0.1,0.8
ga_ls100_offspring,GA 100% LS [LS on offspring],test,test_4,3,0,342,-1,31.05023911580208,29.666291665806874,13.82824289999553,13.4375,222000,300,1,1.0,0.1,0.8
ga_sched_offspring,GA scheduled LS [LS on offspring],test,test_4,3,0,342,-1,25.75345967088637,24.260462759279577,8.958143299998483,8.734375,145494,300,1,0.5333333333333333,0.1,0.8
ga_ls10_elites,GA 10% LS [LS on elites],test,test_4,3,0,342,-1,30.682666018937393,29.216615009015413,7.3154257999995025,7.140625,63738,300,1,0.09999999999999999,0.1,0.8
ga_ls50_elites,GA 50% LS [LS on elites],test,test_4,3,0,342,-1,29.45827133334497,27.92102736577825,5.874901800008956,5.796875,78294,300,1,0.5,0.1,0.8
ga_ls100_elites,GA 100% LS [LS on elites],test,test_4,3,0,342,-1,29.71390578945846,28.431752216673782,7.4322217000008095,7.28125,96000,300,1,1.0,0.1,0.8
ga_sched_elites,GA scheduled LS [LS on elites],test,test_4,3,0,342,-1,31.77703417322902,30.198759362788515,6.356542300010915,6.234375,79218,300,1,0.5333333333333333,0.1,0.8
ga_ls00,GA no LS,test,test_4,3,1,343,-1,34.77702080340788,33.34353346656788,4.515144400007557,4.46875,60000,300,1,0.0,0.1,0.8
ga_ls10_offspring,GA 10% LS [LS on offspring],test,test_4,3,1,343,-1,31.043260468050732,29.67635811593977,6.424158199995873,6.265625,76554,300,1,0.09999999999999999,0.1,0.8
ga_ls50_offspring,GA 50% LS [LS on offspring],test,test_4,3,1,343,-1,31.987364789037386,30.44439456053757,8.272696799991536,7.53125,141204,300,1,0.5,0.1,0.8
ga_ls100_offspring,GA 100% LS [LS on offspring],test,test_4,3,1,343,-1,30.0065652121804,28.69756558655088,11.56704510000418,10.65625,222000,300,1,1.0,0.1,0.8
ga_sched_offspring,GA scheduled LS [LS on offspring],test,test_4,3,1,343,-1,28.25686767517402,27.13398191327565,8.451235300002736,6.546875,146778,300,1,0.5333333333333333,0.1,0.8
ga_ls10_elites,GA 10% LS [LS on elites],test,test_4,3,1,343,-1,34.82579932228754,33.24878159854484,4.914570199995069,3.703125,63402,300,1,0.09999999999999999,0.1,0.8
ga_ls50_elites,GA 50% LS [LS on elites],test,test_4,3,1,343,-1,30.280322630448484,28.995003485999362,4.817586400007713,3.671875,78054,300,1,0.5,0.1,0.8
ga_ls100_elites,GA 100% LS [LS on elites],test,test_4,3,1,343,-1,26.569148822205953,25.45416859368872,6.465169699993567,4.90625,96000,300,1,1.0,0.1,0.8
ga_sched_elites,GA scheduled LS [LS on elites],test,test_4,3,1,343,-1,34.0898437380334,32.52823057240845,7.349934500001837,6.765625,79056,300,1,0.5333333333333333,0.1,0.8
ga_ls00,GA no LS,test,test_4,3,2,344,-1,32.59506784079842,31.101939799063842,5.73544019999099,5.359375,60000,300,1,0.0,0.1,0.8
ga_ls10_offspring,GA 10% LS [LS on offspring],test,test_4,3,2,344,-1,32.54587335658229,31.104465169709083,7.902117099991301,7.484375,76344,300,1,0.09999999999999999,0.1,0.8
ga_ls50_offspring,GA 50% LS [LS on offspring],test,test_4,3,2,344,-1,35.79933433570431,34.579070960018036,7.343380500009516,6.875,140652,300,1,0.5,0.1,0.8
ga_ls100_offspring,GA 100% LS [LS on offspring],test,test_4,3,2,344,-1,29.347248872767842,27.72142179417945,11.215466800000286,10.140625,222000,300,1,1.0,0.1,0.8
ga_sched_offspring,GA scheduled LS [LS on offspring],test,test_4,3,2,344,-1,32.38580570731563,30.92592758180321,9.013351000001421,8.78125,146352,300,1,0.5333333333333333,0.1,0.8
ga_ls10_elites,GA 10% LS [LS on elites],test,test_4,3,2,344,-1,28.683869747756194,27.51259327510179,4.74964710000495,4.5625,63588,300,1,0.09999999999999999,0.1,0.8
ga_ls50_elites,GA 50% LS [LS on elites],test,test_4,3,2,344,-1,32.87737560759117,31.38229147280058,6.24143510000431,6.0625,78204,300,1,0.5,0.1,0.8
ga_ls100_elites,GA 100% LS [LS on elites],test,test_4,3,2,344,-1,26.213425466172552,24.7652526021156,8.33892319998995,8.140625,96000,300,1,1.0,0.1,0.8
ga_sched_elites,GA scheduled LS [LS on elites],test,test_4,3,2,344,-1,28.60333116722698,27.433665957740793,8.969764500012388,8.609375,79218,300,1,0.5333333333333333,0.1,0.8
ga_ls00,GA no LS,test,test_5,4,0,442,-1,37.402448931820274,35.75259262445273,5.727901299993391,5.625,60000,300,1,0.0,0.1,0.8
ga_ls10_offspring,GA 10% LS [LS on offspring],test,test_5,4,0,442,-1,37.244896073636355,35.43886880418156,6.677537299998221,6.59375,76200,300,1,0.09999999999999999,0.1,0.8
ga_ls50_offspring,GA 50% LS [LS on offspring],test,test_5,4,0,442,-1,37.616581989785224,35.94478261765744,8.277691100010998,8.15625,141558,300,1,0.5,0.1,0.8
ga_ls100_offspring,GA 100% LS [LS on offspring],test,test_5,4,0,442,-1,36.47614419053145,34.6386681121821,18.417598599990015,17.84375,222000,300,1,1.0,0.1,0.8
ga_sched_offspring,GA scheduled LS [LS on offspring],test,test_5,4,0,442,-1,36.025252362228706,34.46972780282616,7.454107300000032,7.375,146454,300,1,0.5333333333333333,0.1,0.8
ga_ls10_elites,GA 10% LS [LS on elites],test,test_5,4,0,442,-1,35.7987624464584,34.1962524273239,5.952060299998266,5.859375,63474,300,1,0.09999999999999999,0.1,0.8
ga_ls50_elites,GA 50% LS [LS on elites],test,test_5,4,0,442,-1,35.19286646744584,33.526217998318884,7.216672900001868,7.09375,78858,300,1,0.5,0.1,0.8
ga_ls100_elites,GA 100% LS [LS on elites],test,test_5,4,0,442,-1,40.55538916317307,39.12933566456924,9.09179080001195,8.8125,96000,300,1,1.0,0.1,0.8
ga_sched_elites,GA scheduled LS [LS on elites],test,test_5,4,0,442,-1,35.52010838428026,33.92149923902109,9.213240199998836,9.046875,79182,300,1,0.5333333333333333,0.1,0.8
ga_ls00,GA no LS,test,test_5,4,1,443,-1,38.44314458164727,36.84228238942621,7.100270299997646,6.9375,60000,300,1,0.0,0.1,0.8
ga_ls10_offspring,GA 10% LS [LS on offspring],test,test_5,4,1,443,-1,35.46374069745666,34.20068594286003,7.047208999996656,6.875,76344,300,1,0.09999999999999999,0.1,0.8
ga_ls50_offspring,GA 50% LS [LS on offspring],test,test_5,4,1,443,-1,36.77528586982313,35.22081078179689,9.774592100002337,9.703125,141120,300,1,0.5,0.1,0.8
ga_ls100_offspring,GA 100% LS [LS on offspring],test,test_5,4,1,443,-1,39.966758627620536,38.48712026860357,10.137934099999256,9.984375,222000,300,1,1.0,0.1,0.8
ga_sched_offspring,GA scheduled LS [LS on offspring],test,test_5,4,1,443,-1,35.397383929858826,34.135172807500496,9.018159300001571,8.859375,146334,300,1,0.5333333333333333,0.1,0.8
ga_ls10_elites,GA 10% LS [LS on elites],test,test_5,4,1,443,-1,41.4279723687131,39.50199597517836,7.731053900002735,7.3125,63468,300,1,0.09999999999999999,0.1,0.8
ga_ls50_elites,GA 50% LS [LS on elites],test,test_5,4,1,443,-1,42.73732020116657,41.423035611920085,9.030369999993127,8.375,77598,300,1,0.5,0.1,0.8
ga_ls100_elites,GA 100% LS [LS on elites],test,test_5,4,1,443,-1,33.91579804756971,32.25200531972955,9.81188180000754,9.453125,96000,300,1,1.0,0.1,0.8
ga_sched_elites,GA scheduled LS [LS on elites],test,test_5,4,1,443,-1,41.35004182642291,39.42222727560084,10.090615699999034,9.46875,79164,300,1,0.5333333333333333,0.1,0.8
ga_ls00,GA no LS,test,test_5,4,2,444,-1,40.510708614036574,38.58413558458639,6.379798199996003,5.96875,60000,300,1,0.0,0.1,0.8
ga_ls10_offspring,GA 10% LS [LS on offspring],test,test_5,4,2,444,-1,38.73000140853927,37.13189251130295,7.56632179999724,7.015625,75828,300,1,0.09999999999999999,0.1,0.8
ga_ls50_offspring,GA 50% LS [LS on offspring],test,test_5,4,2,444,-1,40.68137586616382,39.27136742706024,8.230396400002064,7.515625,140292,300,1,0.5,0.1,0.8
ga_ls100_offspring,GA 100% LS [LS on offspring],test,test_5,4,2,444,-1,39.547540199859895,37.83900193812719,12.59904010000173,11.53125,222000,300,1,1.0,0.1,0.8
ga_sched_offspring,GA scheduled LS [LS on offspring],test,test_5,4,2,444,-1,38.72580292475399,37.13799862309215,13.42532910000591,12.328125,146322,300,1,0.5333333333333333,0.1,0.8
ga_ls10_elites,GA 10% LS [LS on elites],test,test_5,4,2,444,-1,44.122100068239426,42.532467990250844,7.525625499998569,6.671875,63546,300,1,0.09999999999999999,0.1,0.8
ga_ls50_elites,GA 50% LS [LS on elites],test,test_5,4,2,444,-1,38.81687220033716,37.40369355138483,7.147915800000192,6.90625,78354,300,1,0.5,0.1,0.8
ga_ls100_elites,GA 100% LS [LS on elites],test,test_5,4,2,444,-1,41.42698881793275,39.760187746202035,5.413699699987774,5.265625,96000,300,1,1.0,0.1,0.8
ga_sched_elites,GA scheduled LS [LS on elites],test,test_5,4,2,444,-1,44.03947978003404,42.474892347128105,6.317088000010699,6.203125,79368,300,1,0.5333333333333333,0.1,0.8
ga_ls00,GA no LS,test,test_6,5,0,542,-1,37.744883157680775,36.31093523155677,5.454327900006319,5.390625,60000,300,1,0.0,0.1,0.8
ga_ls10_offspring,GA 10% LS [LS on offspring],test,test_6,5,0,542,-1,33.63821508509922,32.171292657538594,5.164865099999588,5.046875,76446,300,1,0.09999999999999999,0.1,0.8
ga_ls50_offspring,GA 50% LS [LS on offspring],test,test_6,5,0,542,-1,38.14136099545463,36.752666266567054,6.423636099993018,6.328125,140424,300,1,0.5,0.1,0.8
ga_ls100_offspring,GA 100% LS [LS on offspring],test,test_6,5,0,542,-1,32.20533890516725,31.089446619165685,8.065581600007135,7.890625,222000,300,1,1.0,0.1,0.8
ga_sched_offspring,GA scheduled LS [LS on offspring],test,test_6,5,0,542,-1,31.521255896887883,29.99851019343207,8.741685300003155,8.625,146058,300,1,0.5333333333333333,0.1,0.8
ga_ls10_elites,GA 10% LS [LS on elites],test,test_6,5,0,542,-1,36.92392113649187,35.10638838528297,7.262928199997987,7.125,63594,300,1,0.09999999999999999,0.1,0.8
ga_ls50_elites,GA 50% LS [LS on elites],test,test_6,5,0,542,-1,39.227589637654596,37.375360239362564,9.943403600002057,9.75,78318,300,1,0.5,0.1,0.8
ga_ls100_elites,GA 100% LS [LS on elites],test,test_6,5,0,542,-1,44.32356275499064,43.14603043591199,8.23787949999678,8.078125,96000,300,1,1.0,0.1,0.8
ga_sched_elites,GA scheduled LS [LS on elites],test,test_6,5,0,542,-1,36.27395166177647,34.396058969098405,7.005734399994253,6.890625,79038,300,1,0.5333333333333333,0.1,0.8
ga_ls00,GA no LS,test,test_6,5,1,543,-1,30.602929619989762,29.3638430491372,6.795498200008296,6.65625,60000,300,1,0.0,0.1,0.8
ga_ls10_offspring,GA 10% LS [LS on offspring],test,test_6,5,1,543,-1,37.51141148957311,35.75572993496877,6.53395399999863,6.453125,75708,300,1,0.09999999999999999,0.1,0.8
ga_ls50_offspring,GA 50% LS [LS on offspring],test,test_6,5,1,543,-1,38.12174413766182,36.68119471802387,12.953240400005598,12.75,141294,300,1,0.5,0.1,0.8
ga_ls100_offspring,GA 100% LS [LS on offspring],test,test_6,5,1,543,-1,31.730374708422964,30.272849456209524,17.375124099999084,16.78125,222000,300,1,1.0,0.1,0.8
ga_sched_offspring,GA scheduled LS [LS on offspring],test,test_6,5,1,543,-1,38.93104884589247,37.027958100451904,9.105734700002358,8.953125,146436,300,1,0.5333333333333333,0.1,0.8
ga_ls10_elites,GA 10% LS [LS on elites],test,test_6,5,1,543,-1,36.589121655925155,34.931095687575315,5.154139399994165,5.046875,63612,300,1,0.09999999999999999,0.1,0.8
ga_ls50_elites,GA 50% LS [LS on elites],test,test_6,5,1,543,-1,33.92680013642778,32.59199898993085,6.031664499998442,5.828125,78222,300,1,0.5,0.1,0.8
ga_ls100_elites,GA 100% LS [LS on elites],test,test_6,5,1,543,-1,36.944750761542764,35.52304342771088,8.516991300013615,8.3125,96000,300,1,1.0,0.1,0.8
ga_sched_elites,GA scheduled LS [LS on elites],test,test_6,5,1,543,-1,35.7837107935975,34.15666169474801,7.766862600008608,7.40625,79452,300,1,0.5333333333333333,0.1,0.8
ga_ls00,GA no LS,test,test_6,5,2,544,-1,39.74600398858785,38.263551095584,6.290827899996657,5.921875,60000,300,1,0.0,0.1,0.8
ga_ls10_offspring,GA 10% LS [LS on offspring],test,test_6,5,2,544,-1,35.80812643523306,34.188264271472015,6.640058200006024,6.5,76242,300,1,0.09999999999999999,0.1,0.8
ga_ls50_offspring,GA 50% LS [LS on offspring],test,test_6,5,2,544,-1,33.268660429084,31.759222531163886,15.068178999994416,13.84375,141228,300,1,0.5,0.1,0.8
ga_ls100_offspring,GA 100% LS [LS on offspring],test,test_6,5,2,544,-1,37.05639875503056,35.557706261474635,12.737800599992624,12.125,222000,300,1,1.0,0.1,0.8
ga_sched_offspring,GA scheduled LS [LS on offspring],test,test_6,5,2,544,-1,34.18350606361901,32.71259788711951,11.38000920000195,10.578125,146904,300,1,0.5333333333333333,0.1,0.8
ga_ls10_elites,GA 10% LS [LS on elites],test,test_6,5,2,544,-1,34.05665619926432,32.464592452198325,7.028454900006182,6.578125,63558,300,1,0.09999999999999999,0.1,0.8
ga_ls50_elites,GA 50% LS [LS on elites],test,test_6,5,2,544,-1,33.90633593129994,32.29521983780101,7.551176499997382,6.96875,78048,300,1,0.5,0.1,0.8
ga_ls100_elites,GA 100% LS [LS on elites],test,test_6,5,2,544,-1,34.85200165319887,33.574244682955566,8.601321299996926,7.84375,96000,300,1,1.0,0.1,0.8
ga_sched_elites,GA scheduled LS [LS on elites],test,test_6,5,2,544,-1,33.57216152740335,31.922028674247688,8.513653799993335,7.8125,79128,300,1,0.5333333333333333,0.1,0.8
ga_ls00,GA no LS,test,test_7,6,0,642,-1,41.25317534628992,40.01512089627535,6.829658099988592,6.578125,60000,300,1,0.0,0.1,0.8
ga_ls10_offspring,GA 10% LS [LS on offspring],test,test_7,6,0,642,-1,35.24715154997454,33.88130262662451,5.574900899999193,5.515625,76152,300,1,0.09999999999999999,0.1,0.8
ga_ls50_offspring,GA 50% LS [LS on offspring],test,test_7,6,0,642,-1,35.056335409016775,33.02446508694308,10.74049979999836,10.5625,140160,300,1,0.5,0.1,0.8
ga_ls100_offspring,GA 100% LS [LS on offspring],test,test_7,6,0,642,-1,33.3262136034552,31.889328988674535,9.114255399996182,8.8125,222000,300,1,1.0,0.1,0.8
ga_sched_offspring,GA scheduled LS [LS on offspring],test,test_7,6,0,642,-1,35.28114365932569,33.9165118110295,7.34715220000362,7.140625,145854,300,1,0.5333333333333333,0.1,0.8
ga_ls10_elites,GA 10% LS [LS on elites],test,test_7,6,0,642,-1,40.87614519792529,39.41970454302095,7.9224493999936385,7.75,63540,300,1,0.09999999999999999,0.1,0.8
ga_ls50_elites,GA 50% LS [LS on elites],test,test_7,6,0,642,-1,40.281730384722586,38.69914002297536,6.881607499992242,6.65625,78090,300,1,0.5,0.1,0.8
ga_ls100_elites,GA 100% LS [LS on elites],test,test_7,6,0,642,-1,38.64237197266857,37.281073306541124,10.829140199988615,10.46875,96000,300,1,1.0,0.1,0.8
ga_sched_elites,GA scheduled LS [LS on elites],test,test_7,6,0,642,-1,33.89066690752577,32.43637217692041,8.848234700009925,8.484375,78924,300,1,0.5333333333333333,0.1,0.8
ga_ls00,GA no LS,test,test_7,6,1,643,-1,35.15560014098605,33.70180683964787,4.168643600001815,4.078125,60000,300,1,0.0,0.1,0.8
ga_ls10_offspring,GA 10% LS [LS on offspring],test,test_7,6,1,643,-1,26.276049729468756,24.979627754161317,5.501314399996772,5.4375,75744,300,1,0.09999999999999999,0.1,0.8
ga_ls50_offspring,GA 50% LS [LS on offspring],test,test_7,6,1,643,-1,37.29498820699797,35.49333834429252,9.641597699999693,9.3125,140736,300,1,0.5,0.1,0.8
ga_ls100_offspring,GA 100% LS [LS on offspring],test,test_7,6,1,643,-1,28.790567293050827,27.07768582680572,15.035272000008263,14.53125,222000,300,1,1.0,0.1,0.8
ga_sched_offspring,GA scheduled LS [LS on offspring],test,test_7,6,1,643,-1,26.230047435825995,24.937765305113402,9.769274899997981,9.28125,145944,300,1,0.5333333333333333,0.1,0.8
ga_ls10_elites,GA 10% LS [LS on elites],test,test_7,6,1,643,-1,31.935825792940065,30.314750354725042,8.081967199992505,7.859375,63612,300,1,0.09999999999999999,0.1,0.8
ga_ls50_elites,GA 50% LS [LS on elites],test,test_7,6,1,643,-1,34.47298812029549,32.98745445646993,8.904950800002553,8.609375,77898,300,1,0.5,0.1,0.8
ga_ls100_elites,GA 100% LS [LS on elites],test,test_7,6,1,643,-1,34.95082624039754,33.41096999606909,8.388890800008085,8.078125,96000,300,1,1.0,0.1,0.8
ga_sched_elites,GA scheduled LS [LS on elites],test,test_7,6,1,643,-1,31.2881763018727,29.685450073574607,10.0674246000126,9.5625,79038,300,1,0.5333333333333333,0.1,0.8
ga_ls00,GA no LS,test,test_7,6,2,644,-1,29.78915662035832,28.283413163017524,7.877935099997558,7.546875,60000,300,1,0.0,0.1,0.8
ga_ls10_offspring,GA 10% LS [LS on offspring],test,test_7,6,2,644,-1,34.91524212750587,32.934631291721935,9.626610299994354,8.984375,76308,300,1,0.09999999999999999,0.1,0.8
ga_ls50_offspring,GA 50% LS [LS on offspring],test,test_7,6,2,644,-1,33.11903875665143,31.42216128617227,10.850037199998042,10.203125,140712,300,1,0.5,0.1,0.8
ga_ls100_offspring,GA 100% LS [LS on offspring],test,test_7,6,2,644,-1,33.69196433137984,32.241082317578595,13.733108600004925,12.96875,222000,300,1,1.0,0.1,0.8
ga_sched_offspring,GA scheduled LS [LS on offspring],test,test_7,6,2,644,-1,31.528405363457995,29.60775611945024,13.264381399989361,12.109375,146172,300,1,0.5333333333333333,0.1,0.8
ga_ls10_elites,GA 10% LS [LS on elites],test,test_7,6,2,644,-1,31.58820583621106,29.8503023880722,7.333906400002888,6.46875,63618,300,1,0.09999999999999999,0.1,0.8
ga_ls50_elites,GA 50% LS [LS on elites],test,test_7,6,2,644,-1,28.492194467932432,26.98937471955735,8.177442100000917,7.703125,77898,300,1,0.5,0.1,0.8
ga_ls100_elites,GA 100% LS [LS on elites],test,test_7,6,2,644,-1,37.02729372527418,34.90322687957128,8.035698599996977,7.609375,96000,300,1,1.0,0.1,0.8
ga_sched_elites,GA scheduled LS [LS on elites],test,test_7,6,2,644,-1,31.553875297160598,29.81518757082261,5.759299600002123,5.625,79452,300,1,0.5333333333333333,0.1,0.8
ga_ls00,GA no LS,test,test_8,7,0,742,-1,32.842199329994685,31.0452144732801,4.692475600008038,4.59375,60000,300,1,0.0,0.1,0.8
ga_ls10_offspring,GA 10% LS [LS on offspring],test,test_8,7,0,742,-1,32.84310522923813,31.217578532074153,5.847469500004081,5.734375,76554,300,1,0.09999999999999999,0.1,0.8
ga_ls50_offspring,GA 50% LS [LS on offspring],test,test_8,7,0,742,-1,34.20195678422802,32.77167898083186,7.595329699994181,7.4375,141618,300,1,0.5,0.1,0.8
ga_ls100_offspring,GA 100% LS [LS on offspring],test,test_8,7,0,742,-1,32.21175227682303,30.415489050956396,13.202424999995856,12.609375,222000,300,1,1.0,0.1,0.8
ga_sched_offspring,GA scheduled LS [LS on offspring],test,test_8,7,0,742,-1,33.616187405262785,31.906773482971907,7.923585900003673,7.796875,147168,300,1,0.5333333333333333,0.1,0.8
ga_ls10_elites,GA 10% LS [LS on elites],test,test_8,7,0,742,-1,33.8632161480777,32.235524349413666,4.969478099999833,4.90625,63504,300,1,0.09999999999999999,0.1,0.8
ga_ls50_elites,GA 50% LS [LS on elites],test,test_8,7,0,742,-1,34.70848278385245,32.910792478361714,5.987927599999239,5.921875,78042,300,1,0.5,0.1,0.8
ga_ls100_elites,GA 100% LS [LS on elites],test,test_8,7,0,742,-1,25.85064290233819,24.524094933732236,6.228193900009501,6.1875,96000,300,1,1.0,0.1,0.8
ga_sched_elites,GA scheduled LS [LS on elites],test,test_8,7,0,742,-1,33.66766845886052,32.03848090991429,5.021441699995194,4.921875,79032,300,1,0.5333333333333333,0.1,0.8
ga_ls00,GA no LS,test,test_8,7,1,743,-1,32.34964172380021,30.66491079383794,6.216917099998682,6.125,60000,300,1,0.0,0.1,0.8
ga_ls10_offspring,GA 10% LS [LS on offspring],test,test_8,7,1,743,-1,35.76381879686821,34.09818277226255,5.613068999999086,5.546875,75654,300,1,0.09999999999999999,0.1,0.8
ga_ls50_offspring,GA 50% LS [LS on offspring],test,test_8,7,1,743,-1,31.230765953759253,29.490969561905946,10.738995199993951,10.515625,141060,300,1,0.5,0.1,0.8
ga_ls100_offspring,GA 100% LS [LS on offspring],test,test_8,7,1,743,-1,32.59819983596076,31.031060562544635,14.272852499998407,14.15625,222000,300,1,1.0,0.1,0.8
ga_sched_offspring,GA scheduled LS [LS on offspring],test,test_8,7,1,743,-1,35.6029818507127,33.886538773481625,7.79791410001053,7.765625,146250,300,1,0.5333333333333333,0.1,0.8
ga_ls10_elites,GA 10% LS [LS on elites],test,test_8,7,1,743,-1,32.977522952699836,31.476259467688593,5.043954499997199,4.984375,63468,300,1,0.09999999999999999,0.1,0.8
ga_ls50_elites,GA 50% LS [LS on elites],test,test_8,7,1,743,-1,32.07812497845251,30.33036117596812,5.763197200009017,5.671875,78084,300,1,0.5,0.1,0.8
ga_ls100_elites,GA 100% LS [LS on elites],test,test_8,7,1,743,-1,29.31766214000037,27.831806801048234,5.825520599988522,5.71875,96000,300,1,1.0,0.1,0.8
ga_sched_elites,GA scheduled LS [LS on elites],test,test_8,7,1,743,-1,32.59207117552642,31.101988034778447,6.103755399992224,6.046875,79104,300,1,0.5333333333333333,0.1,0.8
ga_ls00,GA no LS,test,test_8,7,2,744,-1,33.13385416177144,31.291010602226557,5.286615000004531,5.21875,60000,300,1,0.0,0.1,0.8
ga_ls10_offspring,GA 10% LS [LS on offspring],test,test_8,7,2,744,-1,36.64260445908042,34.92265834059174,6.498348699999042,6.4375,76362,300,1,0.09999999999999999,0.1,0.8
ga_ls50_offspring,GA 50% LS [LS on offspring],test,test_8,7,2,744,-1,28.398393139128785,26.829269667982935,7.294659199993475,7.28125,139812,300,1,0.5,0.1,0.8
ga_ls100_offspring,GA 100% LS [LS on offspring],test,test_8,7,2,744,-1,34.00147109757671,31.993609381877633,10.902090600007796,10.75,222000,300,1,1.0,0.1,0.8
ga_sched_offspring,GA scheduled LS [LS on offspring],test,test_8,7,2,744,-1,35.643221024506985,34.02098480221392,9.590907199992216,9.5625,146124,300,1,0.5333333333333333,0.1,0.8
ga_ls10_elites,GA 10% LS [LS on elites],test,test_8,7,2,744,-1,32.99454731167201,31.26780682036478,6.20586380000168,6.15625,63528,300,1,0.09999999999999999,0.1,0.8
ga_ls50_elites,GA 50% LS [LS on elites],test,test_8,7,2,744,-1,33.08540868790067,31.553475019309435,5.045628000007127,4.96875,77718,300,1,0.5,0.1,0.8
ga_ls100_elites,GA 100% LS [LS on elites],test,test_8,7,2,744,-1,33.7754841607366,32.08011571170756,8.02020210000046,7.90625,96000,300,1,1.0,0.1,0.8
ga_sched_elites,GA scheduled LS [LS on elites],test,test_8,7,2,744,-1,34.087912414099826,32.28220856093417,7.7852660000062315,7.609375,79020,300,1,0.5333333333333333,0.1,0.8
ga_ls00,GA no LS,test,test_9,8,0,842,-1,35.33476595789627,33.671590680717344,4.59131959998922,4.484375,60000,300,1,0.0,0.1,0.8
ga_ls10_offspring,GA 10% LS [LS on offspring],test,test_9,8,0,842,-1,40.28092372835458,38.90133947001638,4.972869100005482,4.828125,76536,300,1,0.09999999999999999,0.1,0.8
ga_ls50_offspring,GA 50% LS [LS on offspring],test,test_9,8,0,842,-1,39.48361366418453,38.25174950198445,5.693325000000186,5.453125,140370,300,1,0.5,0.1,0.8
ga_ls100_offspring,GA 100% LS [LS on offspring],test,test_9,8,0,842,-1,31.078145625120495,29.865203947447164,9.28276509999705,8.171875,222000,300,1,1.0,0.1,0.8
ga_sched_offspring,GA scheduled LS [LS on offspring],test,test_9,8,0,842,-1,39.66069030199904,38.175280662227365,7.2406656999955885,6.703125,146742,300,1,0.5333333333333333,0.1,0.8
ga_ls10_elites,GA 10% LS [LS on elites],test,test_9,8,0,842,-1,36.17597642095325,34.853217630777095,4.463686399991275,4.109375,63624,300,1,0.09999999999999999,0.1,0.8
ga_ls50_elites,GA 50% LS [LS on elites],test,test_9,8,0,842,-1,44.60897220180354,43.1265622841861,7.285845199992764,6.09375,78144,300,1,0.5,0.1,0.8
ga_ls100_elites,GA 100% LS [LS on elites],test,test_9,8,0,842,-1,36.12186358088203,34.500170345246175,6.036544199989294,4.734375,96000,300,1,1.0,0.1,0.8
ga_sched_elites,GA scheduled LS [LS on elites],test,test_9,8,0,842,-1,36.70008721685513,35.426723537684296,4.5992974000109825,4.453125,79194,300,1,0.5333333333333333,0.1,0.8
ga_ls00,GA no LS,test,test_9,8,1,843,-1,39.58400454542192,37.84422850797612,4.302196100004949,4.1875,60000,300,1,0.0,0.1,0.8
ga_ls10_offspring,GA 10% LS [LS on offspring],test,test_9,8,1,843,-1,33.19697880109823,31.88304441004822,4.862519599992083,4.6875,76494,300,1,0.09999999999999999,0.1,0.8
ga_ls50_offspring,GA 50% LS [LS on offspring],test,test_9,8,1,843,-1,33.09667370859533,31.890725168167307,5.624693499994464,5.421875,140874,300,1,0.5,0.1,0.8
ga_ls100_offspring,GA 100% LS [LS on offspring],test,test_9,8,1,843,-1,42.197443491103755,40.631623743403715,9.504274700011592,9.296875,222000,300,1,1.0,0.1,0.8
ga_sched_offspring,GA scheduled LS [LS on offspring],test,test_9,8,1,843,-1,33.239796526984435,31.924178790218217,6.721209900002577,6.4375,146526,300,1,0.5333333333333333,0.1,0.8
ga_ls10_elites,GA 10% LS [LS on elites],test,test_9,8,1,843,-1,33.28426432103695,31.871877502601848,4.587436700006947,4.421875,63516,300,1,0.09999999999999999,0.1,0.8
ga_ls50_elites,GA 50% LS [LS on elites],test,test_9,8,1,843,-1,36.68057023399634,35.39251723055698,4.686408800000208,4.609375,77574,300,1,0.5,0.1,0.8
ga_ls100_elites,GA 100% LS [LS on elites],test,test_9,8,1,843,-1,34.234460568797765,33.044367527295094,6.114225600002101,6.03125,96000,300,1,1.0,0.1,0.8
ga_sched_elites,GA scheduled LS [LS on elites],test,test_9,8,1,843,-1,33.21072914314398,31.797553661764365,4.81689479999477,4.703125,79224,300,1,0.5333333333333333,0.1,0.8
ga_ls00,GA no LS,test,test_9,8,2,844,-1,36.69697449110213,35.223911598091604,4.97847489999549,4.921875,60000,300,1,0.0,0.1,0.8
ga_ls10_offspring,GA 10% LS [LS on offspring],test,test_9,8,2,844,-1,37.657415169067576,36.27174427817351,4.408227499996428,4.375,76566,300,1,0.09999999999999999,0.1,0.8
ga_ls50_offspring,GA 50% LS [LS on offspring],test,test_9,8,2,844,-1,40.3297194013897,38.854500688925995,6.873164500007988,6.84375,141012,300,1,0.5,0.1,0.8
ga_ls100_offspring,GA 100% LS [LS on offspring],test,test_9,8,2,844,-1,36.49924692362737,34.8892914896616,9.56941499999084,9.4375,222000,300,1,1.0,0.1,0.8
ga_sched_offspring,GA scheduled LS [LS on offspring],test,test_9,8,2,844,-1,37.429794595775775,36.02219787512617,5.742419600006542,5.703125,146154,300,1,0.5333333333333333,0.1,0.8
ga_ls10_elites,GA 10% LS [LS on elites],test,test_9,8,2,844,-1,43.61258100050886,41.97551622179486,4.732061899994733,4.703125,63630,300,1,0.09999999999999999,0.1,0.8
ga_ls50_elites,GA 50% LS [LS on elites],test,test_9,8,2,844,-1,37.3068088615373,35.67022526426305,6.28494949999731,6.203125,78108,300,1,0.5,0.1,0.8
ga_ls100_elites,GA 100% LS [LS on elites],test,test_9,8,2,844,-1,33.4617418128591,32.08309114831793,4.946649499994237,4.9375,96000,300,1,1.0,0.1,0.8
ga_sched_elites,GA scheduled LS [LS on elites],test,test_9,8,2,844,-1,43.345954624561045,41.730923135202254,4.812385199998971,4.8125,79278,300,1,0.5333333333333333,0.1,0.8
ga_ls00,GA no LS,test,test_10,9,0,942,-1,39.10205726182355,37.67331648773707,4.4280487000069115,4.4375,60000,300,1,0.0,0.1,0.8
ga_ls10_offspring,GA 10% LS [LS on offspring],test,test_10,9,0,942,-1,29.9362341332886,28.53551844129272,4.9922892000031425,4.96875,76104,300,1,0.09999999999999999,0.1,0.8
ga_ls50_offspring,GA 50% LS [LS on offspring],test,test_10,9,0,942,-1,29.226538126393816,27.8760507004745,8.383968900001491,8.28125,140814,300,1,0.5,0.1,0.8
ga_ls100_offspring,GA 100% LS [LS on offspring],test,test_10,9,0,942,-1,33.113046004442445,31.79593297805624,7.502733800007263,7.5,222000,300,1,1.0,0.1,0.8
ga_sched_offspring,GA scheduled LS [LS on offspring],test,test_10,9,0,942,-1,32.92618906477856,31.246244789003878,7.982238299999153,7.90625,146484,300,1,0.5333333333333333,0.1,0.8
ga_ls10_elites,GA 10% LS [LS on elites],test,test_10,9,0,942,-1,37.358374413217895,35.978547940079125,6.8783010999904945,6.78125,63588,300,1,0.09999999999999999,0.1,0.8
ga_ls50_elites,GA 50% LS [LS on elites],test,test_10,9,0,942,-1,33.700439877963476,32.1978639243029,5.8013041999947745,5.734375,77940,300,1,0.5,0.1,0.8
ga_ls100_elites,GA 100% LS [LS on elites],test,test_10,9,0,942,-1,32.93255280069215,31.128077776073372,5.850333099995623,5.796875,96000,300,1,1.0,0.1,0.8
ga_sched_elites,GA scheduled LS [LS on elites],test,test_10,9,0,942,-1,37.2965682968482,35.912384605049866,5.366972099989653,5.359375,79002,300,1,0.5333333333333333,0.1,0.8
ga_ls00,GA no LS,test,test_10,9,1,943,-1,42.30177083238581,40.624092096794215,4.9475762999936705,4.921875,60000,300,1,0.0,0.1,0.8
ga_ls10_offspring,GA 10% LS [LS on offspring],test,test_10,9,1,943,-1,35.6251019414551,34.096220262100694,5.633166500003426,5.546875,75888,300,1,0.09999999999999999,0.1,0.8
ga_ls50_offspring,GA 50% LS [LS on offspring],test,test_10,9,1,943,-1,29.685110245347897,28.17524750792707,6.583121999996365,6.53125,140358,300,1,0.5,0.1,0.8
ga_ls100_offspring,GA 100% LS [LS on offspring],test,test_10,9,1,943,-1,37.828795533604094,36.225753139089946,9.856987100007245,9.09375,222000,300,1,1.0,0.1,0.8
ga_sched_offspring,GA scheduled LS [LS on offspring],test,test_10,9,1,943,-1,31.690546296641656,30.416118756756212,8.056303999997908,7.703125,146058,300,1,0.5333333333333333,0.1,0.8
ga_ls10_elites,GA 10% LS [LS on elites],test,test_10,9,1,943,-1,33.980052492952254,32.35829463814668,4.8103378000087105,4.453125,63588,300,1,0.09999999999999999,0.1,0.8
ga_ls50_elites,GA 50% LS [LS on elites],test,test_10,9,1,943,-1,32.26728749514837,30.609958259018622,5.348926799997571,4.796875,77814,300,1,0.5,0.1,0.8
ga_ls100_elites,GA 100% LS [LS on elites],test,test_10,9,1,943,-1,31.008212788375744,29.590707278611447,6.044772099994589,5.078125,96000,300,1,1.0,0.1,0.8
ga_sched_elites,GA scheduled LS [LS on elites],test,test_10,9,1,943,-1,34.39357007444015,32.82183060781858,4.697204699987196,4.0625,78978,300,1,0.5333333333333333,0.1,0.8
ga_ls00,GA no LS,test,test_10,9,2,944,-1,35.21728267191257,33.653698245038576,5.053055699987453,4.390625,60000,300,1,0.0,0.1,0.8
ga_ls10_offspring,GA 10% LS [LS on offspring],test,test_10,9,2,944,-1,31.78231010368899,30.45550126330393,4.532106599988765,3.8125,76236,300,1,0.09999999999999999,0.1,0.8
ga_ls50_offspring,GA 50% LS [LS on offspring],test,test_10,9,2,944,-1,32.35570660073254,30.984290409809418,7.637383300010697,6.5625,141570,300,1,0.5,0.1,0.8
ga_ls100_offspring,GA 100% LS [LS on offspring],test,test_10,9,2,944,-1,32.53792742602771,30.96419544527729,9.121040900005028,7.828125,222000,300,1,1.0,0.1,0.8
ga_sched_offspring,GA scheduled LS [LS on offspring],test,test_10,9,2,944,-1,31.76807126697821,30.440977689301825,5.750756299996283,4.890625,146172,300,1,0.5333333333333333,0.1,0.8
ga_ls10_elites,GA 10% LS [LS on elites],test,test_10,9,2,944,-1,37.81210543374597,36.30858617021177,4.304962599999271,3.625,63510,300,1,0.09999999999999999,0.1,0.8
ga_ls50_elites,GA 50% LS [LS on elites],test,test_10,9,2,944,-1,34.818290871869436,32.940031892358796,5.790383600004134,5.0625,78288,300,1,0.5,0.1,0.8
ga_ls100_elites,GA 100% LS [LS on elites],test,test_10,9,2,944,-1,34.99143469304609,33.40380015001578,5.232031100007589,5.21875,96000,300,1,1.0,0.1,0.8
ga_sched_elites,GA scheduled LS [LS on elites],test,test_10,9,2,944,-1,37.64293174528093,36.14898833146014,4.679138799998327,4.625,79092,300,1,0.5333333333333333,0.1,0.8
