combo,c1,c2,instance,instance_index,run,run_seed,best_fitness,total_distance,evaluations,generations,execution_time,cpu_time,feasible
c1-1_c2-3,1.0,3.0,test_1,0,0,42,55.59314035700622,53.6101788246251,60000,300,2.7155401000018173,2.6875,True
c1-1_c2-3,1.0,3.0,test_1,0,1,43,60.40637068070306,58.33197234056482,60000,300,2.7910262000004877,2.796875,True
c1-1_c2-3,1.0,3.0,test_1,0,2,44,58.94056831690086,56.48498219212236,60000,300,2.7605906999997387,2.71875,True
c1-1_c2-3,1.0,3.0,test_1,0,3,45,67.57186210270241,65.12642991582287,60000,300,2.7007436999992933,2.671875,True
c1-1_c2-3,1.0,3.0,test_1,0,4,46,56.279367042490314,54.4182488152062,60000,300,2.724314199997025,2.6875,True
c1-1_c2-3,1.0,3.0,test_1,0,5,47,59.51932799377236,57.795307060250096,60000,300,2.8549376000009943,2.796875,True
c1-1_c2-3,1.0,3.0,test_1,0,6,48,71.6978747240366,69.10093427256653,60000,300,2.6244058000011137,2.59375,True
c1-1_c2-3,1.0,3.0,test_1,0,7,49,56.77664327719778,54.310246390797275,60000,300,2.8695139000010386,2.796875,True
c1-1_c2-3,1.0,3.0,test_1,0,8,50,51.03304127480789,49.36751363929624,60000,300,2.7257582999991428,2.6875,True
c1-1_c2-3,1.0,3.0,test_1,0,9,51,61.12130111358076,58.895903157546236,60000,300,2.865359100000205,2.859375,True
c1-1_c2-3,1.0,3.0,test_1,0,10,52,53.442661595415984,51.20707895289148,60000,300,2.7234972000005655,2.703125,True
c1-1_c2-3,1.0,3.0,test_1,0,11,53,57.462718310885386,55.208098955019395,60000,300,2.805985099999816,2.75,True
c1-1_c2-3,1.0,3.0,test_1,0,12,54,67.19551918357442,64.90320820209313,60000,300,2.257880200002546,2.25,True
c1-1_c2-3,1.0,3.0,test_1,0,13,55,52.183324794217874,49.79533746608762,60000,300,2.495052399997803,2.4375,True
c1-1_c2-3,1.0,3.0,test_1,0,14,56,53.699100072448175,51.326833955536735,60000,300,2.3012651999997615,2.25,True
c1-1_c2-3,1.0,3.0,test_1,0,15,57,54.26250083452372,52.090790647818785,60000,300,2.5336987000009685,2.515625,True
c1-1_c2-3,1.0,3.0,test_1,0,16,58,66.06787947142121,63.65637436994467,60000,300,2.6761360999989847,2.625,True
c1-1_c2-3,1.0,3.0,test_1,0,17,59,53.88511965847582,51.57958702200323,60000,300,2.716652300001442,2.703125,True
c1-1_c2-3,1.0,3.0,test_1,0,18,60,46.99730764596062,44.87628736183213,60000,300,2.6716651000024285,2.640625,True
c1-1_c2-3,1.0,3.0,test_1,0,19,61,53.59475734446756,51.20643198825922,60000,300,2.7397097000030044,2.703125,True
c1-1_c2-3,1.0,3.0,test_2,1,0,142,59.05855468147869,56.97772719675569,60000,300,2.526190600001428,2.5,True
c1-1_c2-3,1.0,3.0,test_2,1,1,143,48.76839368833571,47.01416915435624,60000,300,2.4791936999972677,2.421875,True
c1-1_c2-3,1.0,3.0,test_2,1,2,144,50.45775150930909,48.28196472389883,60000,300,2.5120554999994056,2.515625,True
c1-1_c2-3,1.0,3.0,test_2,1,3,145,70.16745523559857,68.05947713334616,60000,300,2.3281051000012667,2.328125,True
c1-1_c2-3,1.0,3.0,test_2,1,4,146,53.074202503625486,51.02395734195188,60000,300,2.61787109999932,2.5625,True
c1-1_c2-3,1.0,3.0,test_2,1,5,147,46.678163472817495,44.611494517840775,60000,300,2.6492660000003525,2.609375,True
c1-1_c2-3,1.0,3.0,test_2,1,6,148,49.8186255946242,47.75409747280962,60000,300,2.6791746000017156,2.640625,True
c1-1_c2-3,1.0,3.0,test_2,1,7,149,55.888855830280136,54.018478663538,60000,300,2.701277600001049,2.625,True
c1-1_c2-3,1.0,3.0,test_2,1,8,150,62.882461580172276,59.8307812179694,60000,300,2.518000399999437,2.484375,True
c1-1_c2-3,1.0,3.0,test_2,1,9,151,47.94311145251064,45.47480029354758,60000,300,2.4343904000015755,2.390625,True
c1-1_c2-3,1.0,3.0,test_2,1,10,152,48.88112190100635,46.39047619298694,60000,300,2.6486827000007906,2.609375,True
c1-1_c2-3,1.0,3.0,test_2,1,11,153,51.01947571670147,49.042487403598884,60000,300,2.533148299997265,2.46875,True
c1-1_c2-3,1.0,3.0,test_2,1,12,154,56.854373663780905,54.86651706902684,60000,300,2.4278113000000303,2.40625,True
c1-1_c2-3,1.0,3.0,test_2,1,13,155,52.459503181279196,50.42077445295729,60000,300,2.676376200000959,2.65625,True
c1-1_c2-3,1.0,3.0,test_2,1,14,156,43.74195451003492,41.96573837997004,60000,300,2.622311200000695,2.59375,True
c1-1_c2-3,1.0,3.0,test_2,1,15,157,46.73802324038162,44.967233913248634,60000,300,2.664181700001791,2.640625,True
c1-1_c2-3,1.0,3.0,test_2,1,16,158,49.414323817381,47.70548707041203,60000,300,2.6065697000012733,2.578125,True
c1-1_c2-3,1.0,3.0,test_2,1,17,159,52.7590884318502,50.34914494221984,60000,300,2.524797000001854,2.484375,True
c1-1_c2-3,1.0,3.0,test_2,1,18,160,61.26452654049656,58.77280336167178,60000,300,2.4709067000003415,2.46875,True
c1-1_c2-3,1.0,3.0,test_2,1,19,161,53.16654286833389,51.06419856763774,60000,300,2.5140194999985397,2.5,True
c1-1_c2-3,1.0,3.0,test_3,2,0,242,59.038245929235224,56.51834884359408,60000,300,2.6494018000012147,2.578125,True
c1-1_c2-3,1.0,3.0,test_3,2,1,243,48.04804625198021,46.04725785192988,60000,300,2.5694001000010758,2.578125,True
c1-1_c2-3,1.0,3.0,test_3,2,2,244,56.662185094017005,54.17639613429934,60000,300,2.604178599998704,2.609375,True
c1-1_c2-3,1.0,3.0,test_3,2,3,245,51.41875369137142,49.424333429975746,60000,300,2.5772418999986257,2.578125,True
c1-1_c2-3,1.0,3.0,test_3,2,4,246,51.15945880806142,48.66111856038666,60000,300,2.4822417000032146,2.453125,True
c1-1_c2-3,1.0,3.0,test_3,2,5,247,51.06301189553626,48.39601374223303,60000,300,2.6528750999968906,2.65625,True
c1-1_c2-3,1.0,3.0,test_3,2,6,248,53.99853543501513,51.99327512399595,60000,300,2.538980299999821,2.53125,True
c1-1_c2-3,1.0,3.0,test_3,2,7,249,45.746284782350656,44.11857913606312,60000,300,2.70976249999876,2.65625,True
c1-1_c2-3,1.0,3.0,test_3,2,8,250,54.88164009589687,52.84695052813562,60000,300,2.4976569000027666,2.40625,True
c1-1_c2-3,1.0,3.0,test_3,2,9,251,56.264821125356946,54.07787544238069,60000,300,2.9060667000012472,2.90625,True
c1-1_c2-3,1.0,3.0,test_3,2,10,252,53.5811767260676,51.44672599558225,60000,300,2.6982060999980604,2.65625,True
c1-1_c2-3,1.0,3.0,test_3,2,11,253,48.28547972945053,45.99750791689124,60000,300,2.623816100000113,2.625,True
c1-1_c2-3,1.0,3.0,test_3,2,12,254,52.53467385178259,50.29146823248829,60000,300,2.733291000000463,2.71875,True
c1-1_c2-3,1.0,3.0,test_3,2,13,255,60.518406275288584,58.50979591735772,60000,300,2.756874400001834,2.765625,True
c1-1_c2-3,1.0,3.0,test_3,2,14,256,58.64738467910509,56.264062535999656,60000,300,2.7066690000028757,2.625,True
c1-1_c2-3,1.0,3.0,test_3,2,15,257,47.71391533332708,45.41146485941103,60000,300,2.8036073000002943,2.765625,True
c1-1_c2-3,1.0,3.0,test_3,2,16,258,49.43236665598657,47.85657063604816,60000,300,2.471311199999036,2.46875,True
c1-1_c2-3,1.0,3.0,test_3,2,17,259,54.22254187369915,51.79781922568997,60000,300,2.6326856999985466,2.59375,True
c1-1_c2-3,1.0,3.0,test_3,2,18,260,51.406666601807835,49.55779782569544,60000,300,2.7200204000000667,2.6875,True
c1-1_c2-3,1.0,3.0,test_3,2,19,261,58.03979581608439,55.3116943030788,60000,300,2.5281251999986125,2.484375,True
c1-1_c2-3,1.0,3.0,test_4,3,0,342,41.35902260355038,39.61609199133922,60000,300,2.612162999997963,2.578125,True
c1-1_c2-3,1.0,3.0,test_4,3,1,343,42.61366455678246,40.72272712599601,60000,300,2.631565600000613,2.59375,True
c1-1_c2-3,1.0,3.0,test_4,3,2,344,59.058257479925985,56.99434684752056,60000,300,2.667200899999443,2.65625,True
c1-1_c2-3,1.0,3.0,test_4,3,3,345,47.23373219425867,45.23624178399736,60000,300,2.7221065999983693,2.671875,True
c1-1_c2-3,1.0,3.0,test_4,3,4,346,58.36830663423076,55.884969960132956,60000,300,2.66087079999852,2.640625,True
c1-1_c2-3,1.0,3.0,test_4,3,5,347,61.71042716063876,59.31183475506664,60000,300,2.6177601000017603,2.59375,True
c1-1_c2-3,1.0,3.0,test_4,3,6,348,58.898621167802496,56.74005143026617,60000,300,2.5335333999973955,2.5,True
c1-1_c2-3,1.0,3.0,test_4,3,7,349,49.006183544015784,46.72218179836188,60000,300,2.581396900000982,2.5625,True
c1-1_c2-3,1.0,3.0,test_4,3,8,350,48.48403776959209,46.44448259477441,60000,300,2.5168651000021782,2.515625,True
c1-1_c2-3,1.0,3.0,test_4,3,9,351,51.65278039099571,49.49677941166683,60000,300,2.5781698999999207,2.53125,True
c1-1_c2-3,1.0,3.0,test_4,3,10,352,52.826890063760516,50.97001618063771,60000,300,2.5658980999978667,2.546875,True
c1-1_c2-3,1.0,3.0,test_4,3,11,353,52.65787528964173,50.41148161999015,60000,300,2.5515951000015775,2.515625,True
c1-1_c2-3,1.0,3.0,test_4,3,12,354,46.049577738457586,44.18835060818898,60000,300,2.5292372000003525,2.46875,True
c1-1_c2-3,1.0,3.0,test_4,3,13,355,44.42042482842469,42.92321402945093,60000,300,2.548725900000136,2.515625,True
c1-1_c2-3,1.0,3.0,test_4,3,14,356,47.978496406573356,45.842591667429616,60000,300,2.628827199998341,2.625,True
c1-1_c2-3,1.0,3.0,test_4,3,15,357,53.95032276988596,51.85918410604301,60000,300,2.5650080000013986,2.5625,True
c1-1_c2-3,1.0,3.0,test_4,3,16,358,49.664218430753984,47.39884496924604,60000,300,2.4951600000022154,2.46875,True
c1-1_c2-3,1.0,3.0,test_4,3,17,359,49.49555913627012,47.40844470660049,60000,300,2.52936950000003,2.515625,True
c1-1_c2-3,1.0,3.0,test_4,3,18,360,45.071837837230504,43.056485313563364,60000,300,2.587189900001249,2.578125,True
c1-1_c2-3,1.0,3.0,test_4,3,19,361,44.03665489152367,42.38851039496728,60000,300,2.6331490999982634,2.640625,True
c1-1_c2-3,1.0,3.0,test_5,4,0,442,59.46667888668082,57.58323670291861,60000,300,2.5327060999989044,2.484375,True
c1-1_c2-3,1.0,3.0,test_5,4,1,443,65.44571721933329,63.61232291085442,60000,300,2.506032099998265,2.484375,True
c1-1_c2-3,1.0,3.0,test_5,4,2,444,67.96730159570919,64.75609878543632,60000,300,2.6248530999982904,2.609375,True
c1-1_c2-3,1.0,3.0,test_5,4,3,445,57.327415111738986,55.24463825606906,60000,300,2.5029852999978175,2.5,True
c1-1_c2-3,1.0,3.0,test_5,4,4,446,59.66671066929697,58.148973134419286,60000,300,2.477838700000575,2.453125,True
c1-1_c2-3,1.0,3.0,test_5,4,5,447,59.70194718242566,57.30854545099482,60000,300,2.48137769999812,2.46875,True
c1-1_c2-3,1.0,3.0,test_5,4,6,448,55.67647257214718,53.484874451532775,60000,300,2.4820078000011563,2.4375,True
c1-1_c2-3,1.0,3.0,test_5,4,7,449,55.29690097118767,53.651572366545814,60000,300,2.4864899999993213,2.46875,True
c1-1_c2-3,1.0,3.0,test_5,4,8,450,63.95270595782029,61.68350009187863,60000,300,2.5456097000023874,2.5,True
c1-1_c2-3,1.0,3.0,test_5,4,9,451,65.7002899815204,63.048699613239016,60000,300,2.5303471999977774,2.5,True
c1-1_c2-3,1.0,3.0,test_5,4,10,452,56.13907839105261,54.38753953962585,60000,300,2.5397600999967835,2.53125,True
c1-1_c2-3,1.0,3.0,test_5,4,11,453,55.813079268786005,53.766494777148345,60000,300,2.5391913000021304,2.546875,True
c1-1_c2-3,1.0,3.0,test_5,4,12,454,55.03830000617245,52.96847709271354,60000,300,2.493736500000523,2.46875,True
c1-1_c2-3,1.0,3.0,test_5,4,13,455,68.00876177846148,65.61215905555056,60000,300,3.4166694000014104,3.34375,True
c1-1_c2-3,1.0,3.0,test_5,4,14,456,51.719614343531894,49.960042014150055,60000,300,3.466170499999862,3.4375,True
c1-1_c2-3,1.0,3.0,test_5,4,15,457,60.87082185687592,58.955360908451766,60000,300,3.4137755000010657,3.296875,True
c1-1_c2-3,1.0,3.0,test_5,4,16,458,66.76592012346458,64.2584010205527,60000,300,3.4749124999980268,3.359375,True
c1-1_c2-3,1.0,3.0,test_5,4,17,459,54.46454140304404,52.63456945902198,60000,300,2.602210799999739,2.59375,True
c1-1_c2-3,1.0,3.0,test_5,4,18,460,48.64521245737377,47.07076545832096,60000,300,2.5950019999982032,2.546875,True
c1-1_c2-3,1.0,3.0,test_5,4,19,461,77.46492818064496,75.08725650254752,60000,300,2.5607516999989457,2.5,True
c1-1_c2-3,1.0,3.0,test_6,5,0,542,64.66283408560211,62.20742997576952,60000,300,2.64542259999871,2.609375,True
c1-1_c2-3,1.0,3.0,test_6,5,1,543,52.218462609394344,50.65613036076493,60000,300,2.5516878999987966,2.515625,True
c1-1_c2-3,1.0,3.0,test_6,5,2,544,55.95289451501406,54.05132198110248,60000,300,2.5356476999986626,2.5,True
c1-1_c2-3,1.0,3.0,test_6,5,3,545,56.56637667719168,54.51426521091111,60000,300,2.7185828000001493,2.71875,True
c1-1_c2-3,1.0,3.0,test_6,5,4,546,54.43138773847993,52.25575507600453,60000,300,2.6394136999988405,2.578125,True
c1-1_c2-3,1.0,3.0,test_6,5,5,547,68.72080994227113,65.79078528003514,60000,300,2.5407601999977487,2.53125,True
c1-1_c2-3,1.0,3.0,test_6,5,6,548,57.44534261915745,55.13936630261233,60000,300,2.5824839000015345,2.5625,True
c1-1_c2-3,1.0,3.0,test_6,5,7,549,50.4021280226618,48.69769543466755,60000,300,2.540461200002028,2.53125,True
c1-1_c2-3,1.0,3.0,test_6,5,8,550,57.381168144749,55.28364285955203,60000,300,2.4882106999975804,2.46875,True
c1-1_c2-3,1.0,3.0,test_6,5,9,551,62.617641151290044,60.76161586971461,60000,300,2.3796756000010646,2.34375,True
c1-1_c2-3,1.0,3.0,test_6,5,10,552,51.00668148473602,48.81582174840025,60000,300,2.6684004999988247,2.640625,True
c1-1_c2-3,1.0,3.0,test_6,5,11,553,62.06892407240632,60.26184672288782,60000,300,2.5400926000002073,2.515625,True
c1-1_c2-3,1.0,3.0,test_6,5,12,554,51.41848455482277,49.57966395728974,60000,300,2.563487700001133,2.53125,True
c1-1_c2-3,1.0,3.0,test_6,5,13,555,57.387702749800944,55.32912736483047,60000,300,2.442438199999742,2.421875,True
c1-1_c2-3,1.0,3.0,test_6,5,14,556,55.51494829430544,53.34238775402288,60000,300,2.4364098999976704,2.4375,True
c1-1_c2-3,1.0,3.0,test_6,5,15,557,50.28108492992614,48.55821871669146,60000,300,2.4206554999982473,2.390625,True
c1-1_c2-3,1.0,3.0,test_6,5,16,558,62.6715416423943,59.93609898355281,60000,300,2.3417336999991676,2.3125,True
c1-1_c2-3,1.0,3.0,test_6,5,17,559,49.90410040437448,48.24922893552686,60000,300,2.390570999999909,2.359375,True
c1-1_c2-3,1.0,3.0,test_6,5,18,560,49.75836405937973,47.78706485952618,60000,300,2.47828490000029,2.46875,True
c1-1_c2-3,1.0,3.0,test_6,5,19,561,47.83542517899508,45.9086164051669,60000,300,2.5861827000007906,2.578125,True
c1-1_c2-3,1.0,3.0,test_7,6,0,642,53.8181120626961,51.484671453973505,60000,300,2.6201303000016196,2.5625,True
c1-1_c2-3,1.0,3.0,test_7,6,1,643,53.792779918204275,51.768899605370336,60000,300,2.4584513000008883,2.375,True
c1-1_c2-3,1.0,3.0,test_7,6,2,644,59.59169469592088,57.55103623447738,60000,300,2.546393699998589,2.53125,True
c1-1_c2-3,1.0,3.0,test_7,6,3,645,52.15325802556602,50.250681286012046,60000,300,2.4532642000012856,2.421875,True
c1-1_c2-3,1.0,3.0,test_7,6,4,646,51.65022889098296,49.3305921802099,60000,300,2.5320304000015312,2.515625,True
c1-1_c2-3,1.0,3.0,test_7,6,5,647,53.696167419159316,51.778123081642065,60000,300,2.6207068000003346,2.59375,True
c1-1_c2-3,1.0,3.0,test_7,6,6,648,56.113678348383814,53.9749523906085,60000,300,2.664644499996939,2.53125,True
c1-1_c2-3,1.0,3.0,test_7,6,7,649,52.914229156913045,50.8170039821845,60000,300,2.623980100001063,2.53125,True
c1-1_c2-3,1.0,3.0,test_7,6,8,650,58.21686186669436,55.81263583578271,60000,300,2.5833413999971526,2.5,True
c1-1_c2-3,1.0,3.0,test_7,6,9,651,62.74526623463786,59.83560757207,60000,300,2.5095985000007204,2.46875,True
c1-1_c2-3,1.0,3.0,test_7,6,10,652,51.54105675077433,49.337655570691574,60000,300,2.4257251000017277,2.34375,True
c1-1_c2-3,1.0,3.0,test_7,6,11,653,64.06049418535613,62.13549969213949,60000,300,2.3981383999998798,2.296875,True
c1-1_c2-3,1.0,3.0,test_7,6,12,654,68.80525137577828,66.58331534084819,60000,300,2.4483264999980747,2.40625,True
c1-1_c2-3,1.0,3.0,test_7,6,13,655,54.613737915619694,52.612706421861446,60000,300,2.5799439000002167,2.53125,True
c1-1_c2-3,1.0,3.0,test_7,6,14,656,59.610383591639234,57.00835115697706,60000,300,2.4338145999972767,2.3125,True
c1-1_c2-3,1.0,3.0,test_7,6,15,657,59.15443075152378,56.517724132967004,60000,300,2.492854099997203,2.4375,True
c1-1_c2-3,1.0,3.0,test_7,6,16,658,54.69099719854915,52.78983197101281,60000,300,2.5450106999996933,2.5,True
c1-1_c2-3,1.0,3.0,test_7,6,17,659,60.82786428745406,58.916417123029895,60000,300,2.566907500000525,2.53125,True
c1-1_c2-3,1.0,3.0,test_7,6,18,660,51.58096398159511,49.70069486185768,60000,300,2.6765220999986923,2.640625,True
c1-1_c2-3,1.0,3.0,test_7,6,19,661,58.14799997317745,55.667210789923985,60000,300,2.6525373000004038,2.578125,True
c1-1_c2-3,1.0,3.0,test_8,7,0,742,69.58028391432256,67.18118454724168,60000,300,2.676601400002255,2.671875,True
c1-1_c2-3,1.0,3.0,test_8,7,1,743,58.30970580908774,55.74868861545332,60000,300,3.106265700000222,3.109375,True
c1-1_c2-3,1.0,3.0,test_8,7,2,744,49.18261706502482,47.33706710235458,60000,300,3.5239701999998942,3.515625,True
c1-1_c2-3,1.0,3.0,test_8,7,3,745,60.623665406232575,57.537120830050775,60000,300,2.8484501999992062,2.84375,True
c1-1_c2-3,1.0,3.0,test_8,7,4,746,47.54438683484506,45.51962165273712,60000,300,3.0478898999972444,3.03125,True
c1-1_c2-3,1.0,3.0,test_8,7,5,747,47.443204653820686,45.490599854098434,60000,300,2.5951014999991457,2.59375,True
c1-1_c2-3,1.0,3.0,test_8,7,6,748,51.39975287165346,49.35637235066143,60000,300,2.690282700001262,2.65625,True
c1-1_c2-3,1.0,3.0,test_8,7,7,749,57.01795831976633,54.415335995573415,60000,300,3.017289499999606,2.96875,True
c1-1_c2-3,1.0,3.0,test_8,7,8,750,51.74855489018598,49.60802906658814,60000,300,2.88727800000197,2.84375,True
c1-1_c2-3,1.0,3.0,test_8,7,9,751,60.46300474831175,58.8885924857405,60000,300,2.5497538999989047,2.515625,True
c1-1_c2-3,1.0,3.0,test_8,7,10,752,54.66594179703007,52.10992222993231,60000,300,2.8196876000001794,2.796875,True
c1-1_c2-3,1.0,3.0,test_8,7,11,753,60.714681851975655,58.26779066863815,60000,300,3.131192699998792,3.078125,True
c1-1_c2-3,1.0,3.0,test_8,7,12,754,63.480609347699584,60.94681787766424,60000,300,3.1406157999990683,3.109375,True
c1-1_c2-3,1.0,3.0,test_8,7,13,755,58.620251131648736,56.6322031005164,60000,300,2.8961168999994698,2.84375,True
c1-1_c2-3,1.0,3.0,test_8,7,14,756,58.67371624630048,56.62707014244418,60000,300,3.0812704999989364,3.078125,True
c1-1_c2-3,1.0,3.0,test_8,7,15,757,52.667224870225176,50.12424654736816,60000,300,2.883093700002064,2.859375,True
c1-1_c2-3,1.0,3.0,test_8,7,16,758,56.99906629010871,54.61198445323967,60000,300,2.8251566999970237,2.8125,True
c1-1_c2-3,1.0,3.0,test_8,7,17,759,54.44840745835632,52.08782688325514,60000,300,2.614658300000883,2.578125,True
c1-1_c2-3,1.0,3.0,test_8,7,18,760,59.2627859763515,56.20709240686671,60000,300,2.736065500001132,2.703125,True
c1-1_c2-3,1.0,3.0,test_8,7,19,761,58.2604861246218,56.030671576607396,60000,300,2.8579118000016024,2.859375,True
c1-1_c2-3,1.0,3.0,test_9,8,0,842,51.536326176464996,49.83824447184264,60000,300,2.68248599999788,2.65625,True
c1-1_c2-3,1.0,3.0,test_9,8,1,843,52.75157533411095,50.527415403241534,60000,300,2.398457100000087,2.40625,True
c1-1_c2-3,1.0,3.0,test_9,8,2,844,46.567739771290654,44.37718940814662,60000,300,2.5634977000008803,2.53125,True
c1-1_c2-3,1.0,3.0,test_9,8,3,845,59.97869826279809,57.57232764881074,60000,300,2.571398700001737,2.53125,True
c1-1_c2-3,1.0,3.0,test_9,8,4,846,52.29737832623966,50.825303720726986,60000,300,2.57356609999988,2.5625,True
c1-1_c2-3,1.0,3.0,test_9,8,5,847,59.3774897571839,57.95354626152296,60000,300,2.6271473999986483,2.625,True
c1-1_c2-3,1.0,3.0,test_9,8,6,848,49.25676390216006,47.25158677142346,60000,300,2.6725425999975414,2.65625,True
c1-1_c2-3,1.0,3.0,test_9,8,7,849,62.000969087942735,59.26021111377881,60000,300,2.920564000000013,2.90625,True
c1-1_c2-3,1.0,3.0,test_9,8,8,850,53.37346353419924,51.31847889005462,60000,300,2.661995999998908,2.65625,True
c1-1_c2-3,1.0,3.0,test_9,8,9,851,66.74119766743327,64.12332990775526,60000,300,2.548973600001773,2.5,True
c1-1_c2-3,1.0,3.0,test_9,8,10,852,47.96374294665108,46.20930919234581,60000,300,2.7717736000013247,2.78125,True
c1-1_c2-3,1.0,3.0,test_9,8,11,853,61.55512415500419,59.00542117584575,60000,300,2.567027199998847,2.546875,True
c1-1_c2-3,1.0,3.0,test_9,8,12,854,48.65372833553574,46.569880183714695,60000,300,2.5771533000006457,2.578125,True
c1-1_c2-3,1.0,3.0,test_9,8,13,855,60.87649815780068,58.90021813752144,60000,300,2.663231200000155,2.65625,True
c1-1_c2-3,1.0,3.0,test_9,8,14,856,48.49780072056705,46.80053455564663,60000,300,2.9181881999975303,2.859375,True
c1-1_c2-3,1.0,3.0,test_9,8,15,857,51.72233050624345,49.312676053331664,60000,300,2.857867400001851,2.828125,True
c1-1_c2-3,1.0,3.0,test_9,8,16,858,52.57534592094547,50.372180535982366,60000,300,2.6560759999993024,2.640625,True
c1-1_c2-3,1.0,3.0,test_9,8,17,859,57.586687175211985,55.46072945356089,60000,300,2.6676391000000876,2.65625,True
c1-1_c2-3,1.0,3.0,test_9,8,18,860,56.14722334277336,54.1132981397184,60000,300,2.9403887999978906,2.921875,True
c1-1_c2-3,1.0,3.0,test_9,8,19,861,47.53798103677603,45.88024092145292,60000,300,3.324224200001481,3.296875,True
c1-1_c2-3,1.0,3.0,test_10,9,0,942,63.25301174073989,61.280060298985205,60000,300,2.9463260999982595,2.9375,True
c1-1_c2-3,1.0,3.0,test_10,9,1,943,63.89812277194841,61.05257701147062,60000,300,3.0491245000011986,3.03125,True
c1-1_c2-3,1.0,3.0,test_10,9,2,944,52.96881635617813,50.46398073990984,60000,300,2.9820667000021785,2.953125,True
c1-1_c2-3,1.0,3.0,test_10,9,3,945,59.802057234732565,57.40501145236505,60000,300,2.997073900001851,2.984375,True
c1-1_c2-3,1.0,3.0,test_10,9,4,946,54.90501087973862,52.85882309386044,60000,300,2.840572599998268,2.8125,True
c1-1_c2-3,1.0,3.0,test_10,9,5,947,54.26592524596554,52.25589681015385,60000,300,3.0520858999989287,2.984375,True
c1-1_c2-3,1.0,3.0,test_10,9,6,948,49.99026392441824,47.978785248743215,60000,300,3.627649799997016,3.578125,True
c1-1_c2-3,1.0,3.0,test_10,9,7,949,44.21252866657677,42.59329688882452,60000,300,3.4560407000026316,3.4375,True
c1-1_c2-3,1.0,3.0,test_10,9,8,950,50.45416769319485,48.89652368313784,60000,300,3.5134854999996605,3.421875,True
c1-1_c2-3,1.0,3.0,test_10,9,9,951,55.04612021882649,52.980235447442446,60000,300,3.5181376000000455,3.453125,True
c1-1_c2-3,1.0,3.0,test_10,9,10,952,53.74451186570424,51.53596816534433,60000,300,2.560553399998753,2.515625,True
c1-1_c2-3,1.0,3.0,test_10,9,11,953,54.5165692220437,52.580303416123094,60000,300,2.5230588000013086,2.484375,True
c1-1_c2-3,1.0,3.0,test_10,9,12,954,52.44350537914679,50.27845287923053,60000,300,2.7426917999982834,2.75,True
c1-1_c2-3,1.0,3.0,test_10,9,13,955,55.97278416101298,53.943184286123675,60000,300,2.5908696000005875,2.546875,True
c1-1_c2-3,1.0,3.0,test_10,9,14,956,55.7921560468806,54.00715990208586,60000,300,2.7049316999982693,2.609375,True
c1-1_c2-3,1.0,3.0,test_10,9,15,957,49.7262192246029,47.84497916851029,60000,300,2.729140700001153,2.71875,True
c1-1_c2-3,1.0,3.0,test_10,9,16,958,50.91208895132864,49.0996628979138,60000,300,2.816181599999254,2.765625,True
c1-1_c2-3,1.0,3.0,test_10,9,17,959,51.23822194730985,49.428281796655575,60000,300,2.599381699998048,2.578125,True
c1-1_c2-3,1.0,3.0,test_10,9,18,960,50.85829333272771,49.03585794083542,60000,300,2.5397153999983857,2.515625,True
c1-1_c2-3,1.0,3.0,test_10,9,19,961,52.33319773385147,50.199179150861426,60000,300,2.4003778000005696,2.390625,True
c1-2_c2-2,2.0,2.0,test_1,0,0,42,53.253263451434805,51.12766381316036,60000,300,2.7737373000018124,2.75,True
c1-2_c2-2,2.0,2.0,test_1,0,1,43,48.11126472617823,46.20101870989079,60000,300,2.8511417000008805,2.84375,True
c1-2_c2-2,2.0,2.0,test_1,0,2,44,58.43324176255922,56.17021669406469,60000,300,2.8335459000008996,2.796875,True
c1-2_c2-2,2.0,2.0,test_1,0,3,45,61.7268223672046,59.280251169843005,60000,300,2.7674525000002177,2.71875,True
c1-2_c2-2,2.0,2.0,test_1,0,4,46,48.224568394430534,46.19538089881393,60000,300,2.638975499998196,2.59375,True
c1-2_c2-2,2.0,2.0,test_1,0,5,47,48.523092812910356,46.13234959040514,60000,300,2.827421999998478,2.796875,True
c1-2_c2-2,2.0,2.0,test_1,0,6,48,48.77382101126022,47.11842694289889,60000,300,2.783837900002254,2.78125,True
c1-2_c2-2,2.0,2.0,test_1,0,7,49,54.22067629644335,52.11976841984372,60000,300,2.7623352000009618,2.75,True
c1-2_c2-2,2.0,2.0,test_1,0,8,50,58.50501824194734,56.80512924054375,60000,300,2.8054792000002635,2.765625,True
c1-2_c2-2,2.0,2.0,test_1,0,9,51,63.495085588234254,61.63224746911787,60000,300,2.780880700000125,2.765625,True
c1-2_c2-2,2.0,2.0,test_1,0,10,52,52.81596330261566,50.62712396120148,60000,300,2.754011300003185,2.71875,True
c1-2_c2-2,2.0,2.0,test_1,0,11,53,50.834447796747725,48.999198228289806,60000,300,2.7629758000002766,2.734375,True
c1-2_c2-2,2.0,2.0,test_1,0,12,54,50.458712456000136,48.759074089711554,60000,300,2.4351889999998093,2.390625,True
c1-2_c2-2,2.0,2.0,test_1,0,13,55,52.78238319098044,51.09938476696752,60000,300,2.400280499998189,2.359375,True
c1-2_c2-2,2.0,2.0,test_1,0,14,56,51.88923958106876,49.58834016929162,60000,300,2.620064700000512,2.609375,True
c1-2_c2-2,2.0,2.0,test_1,0,15,57,49.99469746386008,47.56179533563218,60000,300,2.4567579999966256,2.421875,True
c1-2_c2-2,2.0,2.0,test_1,0,16,58,44.85756825355863,42.85702347939713,60000,300,2.7487805000018852,2.703125,True
c1-2_c2-2,2.0,2.0,test_1,0,17,59,56.56403633801565,54.06093298845611,60000,300,2.693260399999417,2.65625,True
c1-2_c2-2,2.0,2.0,test_1,0,18,60,53.83466368667827,51.86329511141281,60000,300,2.778197400002682,2.71875,True
c1-2_c2-2,2.0,2.0,test_1,0,19,61,53.999088447721235,52.10166625492155,60000,300,2.8012058999993315,2.734375,True
c1-2_c2-2,2.0,2.0,test_2,1,0,142,56.660861953662895,55.013273820391056,60000,300,2.487532700000884,2.46875,True
c1-2_c2-2,2.0,2.0,test_2,1,1,143,48.04462893756825,45.92548572359498,60000,300,2.5113042000011774,2.515625,True
c1-2_c2-2,2.0,2.0,test_2,1,2,144,45.15576161215512,43.286834465634996,60000,300,2.4940162999992026,2.5,True
c1-2_c2-2,2.0,2.0,test_2,1,3,145,49.0628284877944,47.319596443994286,60000,300,2.4448632999992697,2.4375,True
c1-2_c2-2,2.0,2.0,test_2,1,4,146,45.97896029529701,44.42761467976062,60000,300,2.5755649999991874,2.515625,True
c1-2_c2-2,2.0,2.0,test_2,1,5,147,51.66678824291343,49.583933443067004,60000,300,2.6863188999996055,2.625,True
c1-2_c2-2,2.0,2.0,test_2,1,6,148,46.647856036784006,44.718609154596,60000,300,2.6099594999977853,2.5625,True
c1-2_c2-2,2.0,2.0,test_2,1,7,149,53.760606564440444,51.80465551245287,60000,300,2.6130919999995967,2.609375,True
c1-2_c2-2,2.0,2.0,test_2,1,8,150,59.65923877958545,57.90197504168408,60000,300,2.7143315999965125,2.6875,True
c1-2_c2-2,2.0,2.0,test_2,1,9,151,44.9537572741186,42.75378268766453,60000,300,2.6358806999996887,2.609375,True
c1-2_c2-2,2.0,2.0,test_2,1,10,152,56.99105295382883,55.119046355645814,60000,300,2.5642047000001185,2.484375,True
c1-2_c2-2,2.0,2.0,test_2,1,11,153,58.3273290102277,56.405086896398025,60000,300,2.6263913000002503,2.59375,True
c1-2_c2-2,2.0,2.0,test_2,1,12,154,53.22072988704827,50.94722619421793,60000,300,2.582015100000717,2.53125,True
c1-2_c2-2,2.0,2.0,test_2,1,13,155,50.925412489457365,49.09125679167499,60000,300,2.505481600001076,2.46875,True
c1-2_c2-2,2.0,2.0,test_2,1,14,156,58.31342709510674,56.07998740148214,60000,300,2.8039634000015212,2.78125,True
c1-2_c2-2,2.0,2.0,test_2,1,15,157,56.67552691129031,54.63966181165782,60000,300,2.6318228999989515,2.609375,True
c1-2_c2-2,2.0,2.0,test_2,1,16,158,51.1040897056648,48.944890195022644,60000,300,2.524524999997084,2.5,True
c1-2_c2-2,2.0,2.0,test_2,1,17,159,52.14237415683395,49.864188630279635,60000,300,2.6434005000010075,2.625,True
c1-2_c2-2,2.0,2.0,test_2,1,18,160,45.293435128988556,43.00959058492779,60000,300,2.6157906000007642,2.609375,True
c1-2_c2-2,2.0,2.0,test_2,1,19,161,45.404425175757105,43.307519278708476,60000,300,2.4267623999985517,2.40625,True
c1-2_c2-2,2.0,2.0,test_3,2,0,242,51.368441501017145,49.345081765035175,60000,300,2.6026106999997864,2.578125,True
c1-2_c2-2,2.0,2.0,test_3,2,1,243,56.47331313383628,54.30398969406603,60000,300,2.6130197000020416,2.578125,True
c1-2_c2-2,2.0,2.0,test_3,2,2,244,50.523499810759425,48.39057676457314,60000,300,2.5961440999999468,2.578125,True
c1-2_c2-2,2.0,2.0,test_3,2,3,245,49.151038697909875,46.685969684992536,60000,300,2.635050400000182,2.578125,True
c1-2_c2-2,2.0,2.0,test_3,2,4,246,50.990626469953305,48.34035186317857,60000,300,2.5682989999986603,2.5625,True
c1-2_c2-2,2.0,2.0,test_3,2,5,247,58.41200284752956,56.226052748215515,60000,300,2.542071100000612,2.515625,True
c1-2_c2-2,2.0,2.0,test_3,2,6,248,47.61466489271264,45.88010994955603,60000,300,2.6884682000018074,2.640625,True
c1-2_c2-2,2.0,2.0,test_3,2,7,249,58.07353804119327,55.717758508584666,60000,300,2.58678879999934,2.5625,True
c1-2_c2-2,2.0,2.0,test_3,2,8,250,49.929529363567205,47.808513110622464,60000,300,2.8311759999996866,2.796875,True
c1-2_c2-2,2.0,2.0,test_3,2,9,251,50.300338269478836,48.438566427229645,60000,300,2.74241930000062,2.71875,True
c1-2_c2-2,2.0,2.0,test_3,2,10,252,60.6880905153558,58.8325576965163,60000,300,2.7481267000002845,2.71875,True
c1-2_c2-2,2.0,2.0,test_3,2,11,253,58.1937553208389,56.18145725693878,60000,300,2.600246000001789,2.59375,True
c1-2_c2-2,2.0,2.0,test_3,2,12,254,45.41232706827758,43.51948125474664,60000,300,2.814042399997561,2.8125,True
c1-2_c2-2,2.0,2.0,test_3,2,13,255,46.65142975347313,44.64706088198696,60000,300,2.7077998999993724,2.65625,True
c1-2_c2-2,2.0,2.0,test_3,2,14,256,56.305236586858214,54.047853631393416,60000,300,2.7168285000007018,2.6875,True
c1-2_c2-2,2.0,2.0,test_3,2,15,257,47.06756506515966,44.83456452234796,60000,300,2.6873699000025226,2.65625,True
c1-2_c2-2,2.0,2.0,test_3,2,16,258,55.59605278061615,53.47866001760306,60000,300,2.6357987000010326,2.609375,True
c1-2_c2-2,2.0,2.0,test_3,2,17,259,40.90756379567064,39.59014323702638,60000,300,2.627892200001952,2.609375,True
c1-2_c2-2,2.0,2.0,test_3,2,18,260,48.172533083520925,46.467907513571475,60000,300,2.702250999998796,2.671875,True
c1-2_c2-2,2.0,2.0,test_3,2,19,261,59.90619961777384,57.59513429823218,60000,300,2.6599295000014536,2.578125,True
c1-2_c2-2,2.0,2.0,test_4,3,0,342,46.31986089372589,44.077594924846004,60000,300,2.6695317000012437,2.65625,True
c1-2_c2-2,2.0,2.0,test_4,3,1,343,45.78212399382711,43.928778153277065,60000,300,2.695968600000924,2.6875,True
c1-2_c2-2,2.0,2.0,test_4,3,2,344,46.461739464365486,44.463378771574554,60000,300,2.6663507999983267,2.671875,True
c1-2_c2-2,2.0,2.0,test_4,3,3,345,57.919927425187524,55.71956797499481,60000,300,2.719432500001858,2.6875,True
c1-2_c2-2,2.0,2.0,test_4,3,4,346,57.0293904392644,54.13632229073917,60000,300,2.605758400000923,2.546875,True
c1-2_c2-2,2.0,2.0,test_4,3,5,347,46.05238627452293,44.1150351124784,60000,300,2.695463500000187,2.671875,True
c1-2_c2-2,2.0,2.0,test_4,3,6,348,50.23169001424611,48.434555723225955,60000,300,2.5835979000003135,2.578125,True
c1-2_c2-2,2.0,2.0,test_4,3,7,349,39.88023206397934,38.41535572283279,60000,300,2.5486841999991157,2.546875,True
c1-2_c2-2,2.0,2.0,test_4,3,8,350,48.85256982626071,46.539552664079466,60000,300,2.64874399999826,2.625,True
c1-2_c2-2,2.0,2.0,test_4,3,9,351,52.55837288547997,50.582789800757304,60000,300,2.552813399997831,2.53125,True
c1-2_c2-2,2.0,2.0,test_4,3,10,352,58.98877532403561,56.91649074261966,60000,300,2.5615614999987883,2.5625,True
c1-2_c2-2,2.0,2.0,test_4,3,11,353,43.84546837789233,42.34388291696144,60000,300,2.5844907999999123,2.578125,True
c1-2_c2-2,2.0,2.0,test_4,3,12,354,54.743513502316624,52.7726737747082,60000,300,2.535083400001895,2.53125,True
c1-2_c2-2,2.0,2.0,test_4,3,13,355,52.947808559587166,51.196642207261185,60000,300,2.6040961999970023,2.59375,True
c1-2_c2-2,2.0,2.0,test_4,3,14,356,53.10628064283412,50.93700051850815,60000,300,2.5934736000017438,2.53125,True
c1-2_c2-2,2.0,2.0,test_4,3,15,357,50.49184301425335,48.57517329322052,60000,300,2.565706199999113,2.5625,True
c1-2_c2-2,2.0,2.0,test_4,3,16,358,49.325937135282544,47.57357177395036,60000,300,2.570884600001591,2.546875,True
c1-2_c2-2,2.0,2.0,test_4,3,17,359,57.158114224391504,54.95169589589728,60000,300,2.5154336000014155,2.5,True
c1-2_c2-2,2.0,2.0,test_4,3,18,360,51.41578119679965,49.09836315587532,60000,300,2.5658148000002257,2.5625,True
c1-2_c2-2,2.0,2.0,test_4,3,19,361,46.79313398430197,45.22033737170546,60000,300,2.632056400001602,2.625,True
c1-2_c2-2,2.0,2.0,test_5,4,0,442,61.465665693193536,59.56276116814526,60000,300,2.6189728999997897,2.578125,True
c1-2_c2-2,2.0,2.0,test_5,4,1,443,49.77220538555628,47.45538852349682,60000,300,2.411004099998536,2.390625,True
c1-2_c2-2,2.0,2.0,test_5,4,2,444,48.9384305052592,47.41661234854356,60000,300,2.6646547999989707,2.640625,True
c1-2_c2-2,2.0,2.0,test_5,4,3,445,67.46724735146744,64.87692715757754,60000,300,2.3944373999984236,2.390625,True
c1-2_c2-2,2.0,2.0,test_5,4,4,446,53.36907677935101,50.95654916097734,60000,300,2.522827900000266,2.515625,True
c1-2_c2-2,2.0,2.0,test_5,4,5,447,52.89171455139015,50.93160977069276,60000,300,2.697161899999628,2.6875,True
c1-2_c2-2,2.0,2.0,test_5,4,6,448,54.40299719428413,52.117661814381655,60000,300,2.619053900001745,2.609375,True
c1-2_c2-2,2.0,2.0,test_5,4,7,449,59.50179183790261,57.13664579351035,60000,300,2.6582942999993975,2.640625,True
c1-2_c2-2,2.0,2.0,test_5,4,8,450,54.772327742430605,53.26924685815697,60000,300,2.5703252000021166,2.5625,True
c1-2_c2-2,2.0,2.0,test_5,4,9,451,67.869919734718,65.50370176146218,60000,300,2.5571538000003784,2.546875,True
c1-2_c2-2,2.0,2.0,test_5,4,10,452,56.10901718716525,53.75170501829042,60000,300,2.5850893999995606,2.5625,True
c1-2_c2-2,2.0,2.0,test_5,4,11,453,58.73045782415104,56.19994181718397,60000,300,2.5621514999984356,2.53125,True
c1-2_c2-2,2.0,2.0,test_5,4,12,454,47.46914408417565,45.752904165853295,60000,300,3.3956615999995847,3.265625,True
c1-2_c2-2,2.0,2.0,test_5,4,13,455,51.36312038562776,49.47236480826382,60000,300,3.528272999999899,3.453125,True
c1-2_c2-2,2.0,2.0,test_5,4,14,456,64.90532037619577,62.08180726408792,60000,300,3.4258876999992935,3.390625,True
c1-2_c2-2,2.0,2.0,test_5,4,15,457,74.5152967516905,72.01547083155033,60000,300,3.4507340000018303,3.390625,True
c1-2_c2-2,2.0,2.0,test_5,4,16,458,59.015153874655525,56.84771486559805,60000,300,2.660270299998956,2.640625,True
c1-2_c2-2,2.0,2.0,test_5,4,17,459,54.02902358369976,52.55119269983161,60000,300,2.7092723999994632,2.6875,True
c1-2_c2-2,2.0,2.0,test_5,4,18,460,58.58867869350898,56.110554534801366,60000,300,2.653602899998077,2.640625,True
c1-2_c2-2,2.0,2.0,test_5,4,19,461,50.09560420292325,47.90687538421194,60000,300,2.656731499999296,2.609375,True
c1-2_c2-2,2.0,2.0,test_6,5,0,542,49.9199019951474,48.078776202657444,60000,300,2.7066316999989795,2.6875,True
c1-2_c2-2,2.0,2.0,test_6,5,1,543,46.93953073702198,45.28687720318309,60000,300,2.6334036000007472,2.59375,True
c1-2_c2-2,2.0,2.0,test_6,5,2,544,47.56658805710317,45.40878658056047,60000,300,2.7452625000005355,2.703125,True
c1-2_c2-2,2.0,2.0,test_6,5,3,545,46.05145184214178,44.10002388275029,60000,300,2.642744799999491,2.625,True
c1-2_c2-2,2.0,2.0,test_6,5,4,546,60.96659751841446,58.582594759217166,60000,300,2.525791999996727,2.484375,True
c1-2_c2-2,2.0,2.0,test_6,5,5,547,45.049616991898645,43.28893873531871,60000,300,2.7755558999997447,2.765625,True
c1-2_c2-2,2.0,2.0,test_6,5,6,548,45.783911985227846,43.85193666079789,60000,300,2.637985400000616,2.578125,True
c1-2_c2-2,2.0,2.0,test_6,5,7,549,52.43369773934723,49.85108426612629,60000,300,2.5588641000031203,2.53125,True
c1-2_c2-2,2.0,2.0,test_6,5,8,550,52.20358230718745,50.4313193084346,60000,300,2.5298242999997456,2.515625,True
c1-2_c2-2,2.0,2.0,test_6,5,9,551,49.77800808048801,47.950219803290054,60000,300,2.7431718000007095,2.703125,True
c1-2_c2-2,2.0,2.0,test_6,5,10,552,48.83023173753254,46.75699237153119,60000,300,2.6193797000014456,2.578125,True
c1-2_c2-2,2.0,2.0,test_6,5,11,553,58.484800987197126,56.09600994945171,60000,300,2.545989099999133,2.484375,True
c1-2_c2-2,2.0,2.0,test_6,5,12,554,52.56438269242885,50.45628928650359,60000,300,2.5819101000015507,2.5625,True
c1-2_c2-2,2.0,2.0,test_6,5,13,555,49.305813411131496,47.17633349192775,60000,300,2.5180311000003712,2.453125,True
c1-2_c2-2,2.0,2.0,test_6,5,14,556,53.33748635926244,51.14961927377398,60000,300,2.5237936999983503,2.5,True
c1-2_c2-2,2.0,2.0,test_6,5,15,557,55.489632309096976,53.33600659175518,60000,300,2.5063723999992362,2.5,True
c1-2_c2-2,2.0,2.0,test_6,5,16,558,48.02633576785115,46.74176173268474,60000,300,2.441663100002188,2.375,True
c1-2_c2-2,2.0,2.0,test_6,5,17,559,47.16775808852541,45.24609258338897,60000,300,2.56445739999981,2.5,True
c1-2_c2-2,2.0,2.0,test_6,5,18,560,49.067864613157,47.24087756087255,60000,300,2.4816088000006857,2.40625,True
c1-2_c2-2,2.0,2.0,test_6,5,19,561,47.58407551731182,45.73535445222634,60000,300,2.5420907999978226,2.46875,True
c1-2_c2-2,2.0,2.0,test_7,6,0,642,51.82843169037446,49.42192117738393,60000,300,2.4804025999983423,2.4375,True
c1-2_c2-2,2.0,2.0,test_7,6,1,643,51.02110922248435,48.867996235929155,60000,300,2.5034422999997332,2.4375,True
c1-2_c2-2,2.0,2.0,test_7,6,2,644,61.34757531860366,59.21071808381823,60000,300,2.5371647000029043,2.53125,True
c1-2_c2-2,2.0,2.0,test_7,6,3,645,50.899490643787914,48.77717129393134,60000,300,2.5335293999996793,2.453125,True
c1-2_c2-2,2.0,2.0,test_7,6,4,646,53.677020144851724,51.62406325422815,60000,300,2.5513890000001993,2.515625,True
c1-2_c2-2,2.0,2.0,test_7,6,5,647,53.62277849807778,51.316326768310475,60000,300,2.6975945999984106,2.578125,True
c1-2_c2-2,2.0,2.0,test_7,6,6,648,58.05891844328169,55.630286947473294,60000,300,2.7309660999999323,2.671875,True
c1-2_c2-2,2.0,2.0,test_7,6,7,649,56.15052035841629,53.67577460113591,60000,300,2.52755889999753,2.5,True
c1-2_c2-2,2.0,2.0,test_7,6,8,650,48.671773208984156,46.480073511407014,60000,300,2.551589500002592,2.53125,True
c1-2_c2-2,2.0,2.0,test_7,6,9,651,50.96411726713566,48.97989519811072,60000,300,2.518803700000717,2.4375,True
c1-2_c2-2,2.0,2.0,test_7,6,10,652,42.8603741632381,40.74640026618497,60000,300,2.535674700000527,2.4375,True
c1-2_c2-2,2.0,2.0,test_7,6,11,653,66.19104529997061,63.96929083217342,60000,300,2.3808074000007764,2.328125,True
c1-2_c2-2,2.0,2.0,test_7,6,12,654,50.152543042984384,48.26062734489289,60000,300,2.4161357000011776,2.375,True
c1-2_c2-2,2.0,2.0,test_7,6,13,655,48.723642472583656,46.85741500042139,60000,300,2.506342399999994,2.4375,True
c1-2_c2-2,2.0,2.0,test_7,6,14,656,51.909458359897016,49.755179973700386,60000,300,2.4694414000005054,2.421875,True
c1-2_c2-2,2.0,2.0,test_7,6,15,657,49.44034189678337,47.42343002970658,60000,300,2.5400593999984267,2.5,True
c1-2_c2-2,2.0,2.0,test_7,6,16,658,58.26864574402167,55.7804860099533,60000,300,2.5942197000003944,2.484375,True
c1-2_c2-2,2.0,2.0,test_7,6,17,659,48.96335237493923,47.01134157217679,60000,300,2.6481024000022444,2.5625,True
c1-2_c2-2,2.0,2.0,test_7,6,18,660,46.484037235215126,44.42324247514179,60000,300,2.6720663999985845,2.59375,True
c1-2_c2-2,2.0,2.0,test_7,6,19,661,56.04776725986231,53.93835569870124,60000,300,2.771234600000753,2.71875,True
c1-2_c2-2,2.0,2.0,test_8,7,0,742,58.88291557515767,56.604903500471124,60000,300,2.569360299999971,2.515625,True
c1-2_c2-2,2.0,2.0,test_8,7,1,743,58.69889004384722,56.31784620233584,60000,300,3.0146682999984478,3.015625,True
c1-2_c2-2,2.0,2.0,test_8,7,2,744,48.445945876824,46.34087655949899,60000,300,3.0987295000013546,3.0625,True
c1-2_c2-2,2.0,2.0,test_8,7,3,745,49.364565231297064,47.09050910463654,60000,300,3.002908700000262,2.953125,True
c1-2_c2-2,2.0,2.0,test_8,7,4,746,46.351050059490575,44.20794137170312,60000,300,2.854890399998112,2.859375,True
c1-2_c2-2,2.0,2.0,test_8,7,5,747,55.152496363203966,53.166399245748245,60000,300,2.9385514999994484,2.9375,True
c1-2_c2-2,2.0,2.0,test_8,7,6,748,49.518494888342936,47.25735658763518,60000,300,2.7349915000013425,2.71875,True
c1-2_c2-2,2.0,2.0,test_8,7,7,749,41.3662227374309,39.40385215836767,60000,300,2.881424400002288,2.84375,True
c1-2_c2-2,2.0,2.0,test_8,7,8,750,60.91877765209954,58.172738502905986,60000,300,2.9728161999992153,2.96875,True
c1-2_c2-2,2.0,2.0,test_8,7,9,751,55.88917181200231,52.96459391809246,60000,300,2.908339200002956,2.890625,True
c1-2_c2-2,2.0,2.0,test_8,7,10,752,58.19814904272843,55.80185979166408,60000,300,2.9420012999980827,2.90625,True
c1-2_c2-2,2.0,2.0,test_8,7,11,753,63.295939429368126,60.61034666997761,60000,300,2.968686100000923,2.9375,True
c1-2_c2-2,2.0,2.0,test_8,7,12,754,51.235342463668594,49.21227660706181,60000,300,2.9484665999989375,2.9375,True
c1-2_c2-2,2.0,2.0,test_8,7,13,755,47.405745591138086,45.65122971290515,60000,300,2.7862066000016057,2.78125,True
c1-2_c2-2,2.0,2.0,test_8,7,14,756,62.802593384535285,60.46088214762946,60000,300,2.826565399998799,2.796875,True
c1-2_c2-2,2.0,2.0,test_8,7,15,757,53.20101722728446,51.11739463559297,60000,300,3.049414599998272,3.046875,True
c1-2_c2-2,2.0,2.0,test_8,7,16,758,47.9681565877279,46.12101006685667,60000,300,2.868007700002636,2.859375,True
c1-2_c2-2,2.0,2.0,test_8,7,17,759,52.585112818270034,50.50383659289909,60000,300,2.587011999999959,2.5625,True
c1-2_c2-2,2.0,2.0,test_8,7,18,760,49.280166292020816,47.093478591979974,60000,300,3.030573899999581,3.0,True
c1-2_c2-2,2.0,2.0,test_8,7,19,761,53.98010718375097,51.860022075938815,60000,300,2.6280751999984204,2.59375,True
c1-2_c2-2,2.0,2.0,test_9,8,0,842,49.66136393593197,47.97020090585951,60000,300,2.559563300001173,2.546875,True
c1-2_c2-2,2.0,2.0,test_9,8,1,843,50.66334121095336,48.935578174887695,60000,300,2.6722869999975956,2.671875,True
c1-2_c2-2,2.0,2.0,test_9,8,2,844,60.93951521427172,58.717720749604304,60000,300,2.712888300000486,2.703125,True
c1-2_c2-2,2.0,2.0,test_9,8,3,845,46.51601890549301,44.70238847197319,60000,300,2.531078800002433,2.53125,True
c1-2_c2-2,2.0,2.0,test_9,8,4,846,50.74009058570463,48.80546624747333,60000,300,2.6564924999984214,2.65625,True
c1-2_c2-2,2.0,2.0,test_9,8,5,847,54.868582263928026,53.0961979004573,60000,300,2.8267546000024595,2.78125,True
c1-2_c2-2,2.0,2.0,test_9,8,6,848,52.43322785270571,50.63475853104672,60000,300,2.390511300000071,2.359375,True
c1-2_c2-2,2.0,2.0,test_9,8,7,849,57.84566654689474,55.6383230479435,60000,300,2.5836853999971936,2.546875,True
c1-2_c2-2,2.0,2.0,test_9,8,8,850,49.68759851883288,47.66286314033062,60000,300,2.819134800000029,2.8125,True
c1-2_c2-2,2.0,2.0,test_9,8,9,851,56.46426106700818,54.14779769574773,60000,300,2.5438902999994752,2.53125,True
c1-2_c2-2,2.0,2.0,test_9,8,10,852,52.645716369873256,51.205765592725385,60000,300,2.7256383999992977,2.703125,True
c1-2_c2-2,2.0,2.0,test_9,8,11,853,50.676054062104555,49.21425794277639,60000,300,2.623474600000918,2.625,True
c1-2_c2-2,2.0,2.0,test_9,8,12,854,50.91218775532742,49.07476790265765,60000,300,2.5253181000007316,2.515625,True
c1-2_c2-2,2.0,2.0,test_9,8,13,855,51.50660285758973,49.69268894267498,60000,300,2.5944802000012714,2.578125,True
c1-2_c2-2,2.0,2.0,test_9,8,14,856,51.97924901501679,49.85409079430124,60000,300,2.76381400000173,2.75,True
c1-2_c2-2,2.0,2.0,test_9,8,15,857,46.21648840253152,44.500353640793236,60000,300,2.5745386999988114,2.515625,True
c1-2_c2-2,2.0,2.0,test_9,8,16,858,57.078562614986275,55.28937447856286,60000,300,2.736652100000356,2.71875,True
c1-2_c2-2,2.0,2.0,test_9,8,17,859,48.57763091025227,46.98492525940077,60000,300,2.652075000001787,2.640625,True
c1-2_c2-2,2.0,2.0,test_9,8,18,860,49.24955650862774,47.17178164806983,60000,300,2.831267099998513,2.84375,True
c1-2_c2-2,2.0,2.0,test_9,8,19,861,53.342874505122126,51.7922902771751,60000,300,2.987228599999071,2.984375,True
c1-2_c2-2,2.0,2.0,test_10,9,0,942,46.00222243707805,44.49566778104561,60000,300,2.9962711000007403,2.953125,True
c1-2_c2-2,2.0,2.0,test_10,9,1,943,47.35560095286917,45.601610844597815,60000,300,2.922528600000078,2.90625,True
c1-2_c2-2,2.0,2.0,test_10,9,2,944,57.72986388839674,55.8919226540888,60000,300,2.9727108999977645,2.9375,True
c1-2_c2-2,2.0,2.0,test_10,9,3,945,53.00812098585122,50.341758137814075,60000,300,2.733169300001464,2.734375,True
c1-2_c2-2,2.0,2.0,test_10,9,4,946,50.552232951739725,48.09435402299281,60000,300,2.5319358999986434,2.46875,True
c1-2_c2-2,2.0,2.0,test_10,9,5,947,48.52242887272366,46.52082639116607,60000,300,2.674466200001916,2.640625,True
c1-2_c2-2,2.0,2.0,test_10,9,6,948,49.14346037210311,47.25854522272613,60000,300,3.4895998000029067,3.46875,True
c1-2_c2-2,2.0,2.0,test_10,9,7,949,44.47020702287392,42.77153316905693,60000,300,3.490194199999678,3.421875,True
c1-2_c2-2,2.0,2.0,test_10,9,8,950,50.59782395320205,48.81337933171438,60000,300,3.55803079999896,3.453125,True
c1-2_c2-2,2.0,2.0,test_10,9,9,951,44.34657038955239,42.65914531399923,60000,300,3.562113899999531,3.46875,True
c1-2_c2-2,2.0,2.0,test_10,9,10,952,56.49373918004384,54.16292559287683,60000,300,2.693515599999955,2.640625,True
c1-2_c2-2,2.0,2.0,test_10,9,11,953,52.0905394490337,50.31980514640716,60000,300,2.559718399999838,2.546875,True
c1-2_c2-2,2.0,2.0,test_10,9,12,954,60.4453329582927,58.15280498540665,60000,300,2.8466275999999198,2.84375,True
c1-2_c2-2,2.0,2.0,test_10,9,13,955,49.977354805129465,47.974631737468556,60000,300,2.8731520000001183,2.84375,True
c1-2_c2-2,2.0,2.0,test_10,9,14,956,56.31735646876765,54.0269033921653,60000,300,2.7719087000004947,2.65625,True
c1-2_c2-2,2.0,2.0,test_10,9,15,957,47.56130421274803,45.98624289391925,60000,300,2.5963031999999657,2.578125,True
c1-2_c2-2,2.0,2.0,test_10,9,16,958,56.756090242818864,54.893792911064956,60000,300,2.7000326000015775,2.65625,True
c1-2_c2-2,2.0,2.0,test_10,9,17,959,56.93107481351586,54.75947986433764,60000,300,2.626870800002507,2.59375,True
c1-2_c2-2,2.0,2.0,test_10,9,18,960,44.75095784566383,43.0210503715445,60000,300,2.563393399999768,2.546875,True
c1-2_c2-2,2.0,2.0,test_10,9,19,961,52.13968367668108,49.86737058314813,60000,300,2.520300500000303,2.453125,True
c1-3_c2-1,3.0,1.0,test_1,0,0,42,65.93293728121809,63.86486775290054,60000,300,2.7932577000028687,2.71875,True
c1-3_c2-1,3.0,1.0,test_1,0,1,43,54.97327865671182,52.95614881806187,60000,300,2.7851149999987683,2.75,True
c1-3_c2-1,3.0,1.0,test_1,0,2,44,64.91968034540807,62.862395953127084,60000,300,2.7561954999982845,2.75,True
c1-3_c2-1,3.0,1.0,test_1,0,3,45,58.27425460029281,55.895381075215,60000,300,2.8497372000019823,2.8125,True
c1-3_c2-1,3.0,1.0,test_1,0,4,46,55.95087209548503,54.02268440777298,60000,300,2.7524028000007092,2.6875,True
c1-3_c2-1,3.0,1.0,test_1,0,5,47,54.11627688020478,52.17397102371753,60000,300,2.682470199997624,2.609375,True
c1-3_c2-1,3.0,1.0,test_1,0,6,48,60.837619165782506,58.62808819908502,60000,300,2.880920100000367,2.859375,True
c1-3_c2-1,3.0,1.0,test_1,0,7,49,60.97901923559689,58.692197943559854,60000,300,2.7940102000029583,2.75,True
c1-3_c2-1,3.0,1.0,test_1,0,8,50,67.12853819782538,65.15508176844733,60000,300,2.7940380000000005,2.75,True
c1-3_c2-1,3.0,1.0,test_1,0,9,51,53.63914256431066,51.698216032933054,60000,300,2.919580699999642,2.890625,True
c1-3_c2-1,3.0,1.0,test_1,0,10,52,62.62197455943208,60.24133716696455,60000,300,2.8094385000003967,2.78125,True
c1-3_c2-1,3.0,1.0,test_1,0,11,53,54.81507798432778,52.3181518656221,60000,300,2.7981125000005704,2.765625,True
c1-3_c2-1,3.0,1.0,test_1,0,12,54,64.46827012643,62.71155203220199,60000,300,2.3928954000002705,2.375,True
c1-3_c2-1,3.0,1.0,test_1,0,13,55,70.78739091136748,68.44652087251052,60000,300,2.3109764000000723,2.296875,True
c1-3_c2-1,3.0,1.0,test_1,0,14,56,56.129787919755685,54.12741925047494,60000,300,2.3916702999995323,2.390625,True
c1-3_c2-1,3.0,1.0,test_1,0,15,57,56.58075013259247,54.48590128485512,60000,300,2.462572000000364,2.46875,True
c1-3_c2-1,3.0,1.0,test_1,0,16,58,57.92662912936504,55.63141556580945,60000,300,2.7811408000015945,2.734375,True
c1-3_c2-1,3.0,1.0,test_1,0,17,59,62.520701136064666,60.412699556094374,60000,300,2.8091458000017155,2.78125,True
c1-3_c2-1,3.0,1.0,test_1,0,18,60,61.629105014547925,58.8715776034365,60000,300,2.7630882000012207,2.734375,True
c1-3_c2-1,3.0,1.0,test_1,0,19,61,50.932428750982204,48.83626979596531,60000,300,2.7847872999991523,2.734375,True
c1-3_c2-1,3.0,1.0,test_2,1,0,142,47.685551902889024,45.86076490330884,60000,300,2.569666999999754,2.578125,True
c1-3_c2-1,3.0,1.0,test_2,1,1,143,53.909008276620746,51.51038810449343,60000,300,2.566526900001918,2.515625,True
c1-3_c2-1,3.0,1.0,test_2,1,2,144,57.69638540998086,55.038370022137926,60000,300,2.5984521999998833,2.59375,True
c1-3_c2-1,3.0,1.0,test_2,1,3,145,58.29440779029525,55.711161184892035,60000,300,2.4929592999978922,2.46875,True
c1-3_c2-1,3.0,1.0,test_2,1,4,146,60.646403231509495,58.460121064804596,60000,300,2.577043799999956,2.53125,True
c1-3_c2-1,3.0,1.0,test_2,1,5,147,52.31585520015311,50.24260826600324,60000,300,2.7133195999995223,2.6875,True
c1-3_c2-1,3.0,1.0,test_2,1,6,148,54.7427345438138,52.875886188362415,60000,300,2.594395299998723,2.53125,True
c1-3_c2-1,3.0,1.0,test_2,1,7,149,50.12046879191531,48.315644633627905,60000,300,2.6673608999990392,2.625,True
c1-3_c2-1,3.0,1.0,test_2,1,8,150,59.014621159901786,56.636400850984664,60000,300,2.6426834000012605,2.578125,True
c1-3_c2-1,3.0,1.0,test_2,1,9,151,51.64736038814429,49.340268410967184,60000,300,2.6593116000003647,2.609375,True
c1-3_c2-1,3.0,1.0,test_2,1,10,152,57.59760320529783,55.27789658616623,60000,300,2.7169997000019066,2.625,True
c1-3_c2-1,3.0,1.0,test_2,1,11,153,56.80123942935633,54.40214044134647,60000,300,2.572263699999894,2.546875,True
c1-3_c2-1,3.0,1.0,test_2,1,12,154,57.02367602373011,54.76421097036474,60000,300,2.6636221000007936,2.625,True
c1-3_c2-1,3.0,1.0,test_2,1,13,155,54.75786408156477,52.672589328278974,60000,300,2.645715400001791,2.640625,True
c1-3_c2-1,3.0,1.0,test_2,1,14,156,65.15009131766803,62.60179102993724,60000,300,2.565934300000663,2.546875,True
c1-3_c2-1,3.0,1.0,test_2,1,15,157,57.80186246133385,55.56564681316536,60000,300,2.6452769999996235,2.609375,True
c1-3_c2-1,3.0,1.0,test_2,1,16,158,62.48088715967227,60.22564912534158,60000,300,2.5316504999973404,2.5,True
c1-3_c2-1,3.0,1.0,test_2,1,17,159,50.49743831887217,48.3676440777668,60000,300,2.4155494000006,2.390625,True
c1-3_c2-1,3.0,1.0,test_2,1,18,160,59.687762719972575,57.18118530195734,60000,300,2.372755299998971,2.34375,True
c1-3_c2-1,3.0,1.0,test_2,1,19,161,49.72549405036054,47.661423729677395,60000,300,2.537398699998448,2.546875,True
c1-3_c2-1,3.0,1.0,test_3,2,0,242,56.036257725197515,54.273463595683666,60000,300,2.6313423000028706,2.625,True
c1-3_c2-1,3.0,1.0,test_3,2,1,243,55.81714290730805,53.58557703091412,60000,300,2.627485600001819,2.625,True
c1-3_c2-1,3.0,1.0,test_3,2,2,244,54.41778208876327,52.27993886676302,60000,300,2.6010870000027353,2.578125,True
c1-3_c2-1,3.0,1.0,test_3,2,3,245,54.426841507650416,51.94952845746206,60000,300,2.6857383999995363,2.671875,True
c1-3_c2-1,3.0,1.0,test_3,2,4,246,53.30023431198852,51.02112024338068,60000,300,2.617060599997785,2.609375,True
c1-3_c2-1,3.0,1.0,test_3,2,5,247,50.944960575751445,48.92727081272645,60000,300,2.880403099999967,2.859375,True
c1-3_c2-1,3.0,1.0,test_3,2,6,248,53.07568088374398,51.21021568466166,60000,300,2.7894647999964945,2.71875,True
c1-3_c2-1,3.0,1.0,test_3,2,7,249,57.09009986617684,55.016652521931015,60000,300,2.5786496000000625,2.5625,True
c1-3_c2-1,3.0,1.0,test_3,2,8,250,50.86678537727839,48.61422116016784,60000,300,2.801640800000314,2.796875,True
c1-3_c2-1,3.0,1.0,test_3,2,9,251,54.46579289564432,52.704943831401124,60000,300,2.7191248000017367,2.703125,True
c1-3_c2-1,3.0,1.0,test_3,2,10,252,56.63960947875133,54.45466455959578,60000,300,2.858764299999166,2.8125,True
c1-3_c2-1,3.0,1.0,test_3,2,11,253,59.34398935808418,57.390907384128845,60000,300,2.7749793000002683,2.75,True
c1-3_c2-1,3.0,1.0,test_3,2,12,254,56.446445927884184,54.71324795662864,60000,300,2.660055899999861,2.625,True
c1-3_c2-1,3.0,1.0,test_3,2,13,255,47.090082060153236,45.39432032510834,60000,300,2.770741899999848,2.765625,True
c1-3_c2-1,3.0,1.0,test_3,2,14,256,49.83858961118253,47.89031154946017,60000,300,2.7649483999994118,2.75,True
c1-3_c2-1,3.0,1.0,test_3,2,15,257,56.34165749122666,54.17218156005776,60000,300,2.746318600002269,2.71875,True
c1-3_c2-1,3.0,1.0,test_3,2,16,258,64.41852842088063,61.57568913343429,60000,300,2.588619500002096,2.578125,True
c1-3_c2-1,3.0,1.0,test_3,2,17,259,58.47919009917074,55.89786379671909,60000,300,2.6853621999980533,2.671875,True
c1-3_c2-1,3.0,1.0,test_3,2,18,260,51.8418628415112,49.617034211847,60000,300,2.6238814999996976,2.5625,True
c1-3_c2-1,3.0,1.0,test_3,2,19,261,51.9695922288179,49.805958209434024,60000,300,2.7815716000004613,2.78125,True
c1-3_c2-1,3.0,1.0,test_4,3,0,342,56.15033392172445,54.047333871873505,60000,300,2.7404120999999577,2.734375,True
c1-3_c2-1,3.0,1.0,test_4,3,1,343,47.73030105941817,46.12097108046491,60000,300,2.7495823000026576,2.734375,True
c1-3_c2-1,3.0,1.0,test_4,3,2,344,48.07571648855762,45.81494611124683,60000,300,2.8321774000032747,2.796875,True
c1-3_c2-1,3.0,1.0,test_4,3,3,345,52.094656703929154,49.95150283661403,60000,300,2.572973999998794,2.53125,True
c1-3_c2-1,3.0,1.0,test_4,3,4,346,64.83208095553397,62.6372900958069,60000,300,2.5970672000003105,2.546875,True
c1-3_c2-1,3.0,1.0,test_4,3,5,347,60.86341776051719,58.51750734001546,60000,300,2.59457459999976,2.546875,True
c1-3_c2-1,3.0,1.0,test_4,3,6,348,50.69843425242272,48.66637092276966,60000,300,2.631631100000959,2.5625,True
c1-3_c2-1,3.0,1.0,test_4,3,7,349,60.915515005906514,58.4648793285899,60000,300,2.618501400000241,2.5625,True
c1-3_c2-1,3.0,1.0,test_4,3,8,350,53.846122548686964,51.95055570634664,60000,300,2.515580699997372,2.5,True
c1-3_c2-1,3.0,1.0,test_4,3,9,351,48.86609695084346,47.23171746500602,60000,300,2.6295941999997012,2.609375,True
c1-3_c2-1,3.0,1.0,test_4,3,10,352,50.31128583103943,48.36279296942381,60000,300,2.6418585000028543,2.625,True
c1-3_c2-1,3.0,1.0,test_4,3,11,353,59.297505907829816,57.46353950458033,60000,300,2.6081574999989243,2.578125,True
c1-3_c2-1,3.0,1.0,test_4,3,12,354,48.21088108210162,46.40505739325688,60000,300,2.6970256000022346,2.65625,True
c1-3_c2-1,3.0,1.0,test_4,3,13,355,60.8470737837681,58.63824678958375,60000,300,2.5604693999994197,2.5625,True
c1-3_c2-1,3.0,1.0,test_4,3,14,356,54.10799243582521,52.25364931697156,60000,300,2.5878819999998086,2.5625,True
c1-3_c2-1,3.0,1.0,test_4,3,15,357,53.82859496730635,51.82952206459535,60000,300,2.6799027000015485,2.65625,True
c1-3_c2-1,3.0,1.0,test_4,3,16,358,52.226519722145476,49.86671346287494,60000,300,2.6871356000010564,2.671875,True
c1-3_c2-1,3.0,1.0,test_4,3,17,359,64.25647475705063,61.73365763031671,60000,300,2.6852591000024404,2.671875,True
c1-3_c2-1,3.0,1.0,test_4,3,18,360,50.26402554274175,48.04018299060262,60000,300,2.714165499997762,2.671875,True
c1-3_c2-1,3.0,1.0,test_4,3,19,361,51.550507830708035,49.50644869958036,60000,300,2.551677800001926,2.515625,True
c1-3_c2-1,3.0,1.0,test_5,4,0,442,63.31515803684701,60.684978958892444,60000,300,2.587654200000543,2.59375,True
c1-3_c2-1,3.0,1.0,test_5,4,1,443,69.35823423374718,66.44923922902429,60000,300,2.638065099999949,2.625,True
c1-3_c2-1,3.0,1.0,test_5,4,2,444,61.94297559807549,60.21024012953786,60000,300,2.3991922000022896,2.40625,True
c1-3_c2-1,3.0,1.0,test_5,4,3,445,59.38245600457974,57.10833993534021,60000,300,2.677008200000273,2.671875,True
c1-3_c2-1,3.0,1.0,test_5,4,4,446,65.84330829261594,63.64455648544634,60000,300,2.496372400000837,2.46875,True
c1-3_c2-1,3.0,1.0,test_5,4,5,447,56.719957872237515,54.32223467922916,60000,300,2.737052100001165,2.71875,True
c1-3_c2-1,3.0,1.0,test_5,4,6,448,66.53484126352136,64.55754119418722,60000,300,2.5260266000004776,2.515625,True
c1-3_c2-1,3.0,1.0,test_5,4,7,449,54.37812618662528,52.23248545294639,60000,300,2.709031499998673,2.6875,True
c1-3_c2-1,3.0,1.0,test_5,4,8,450,67.53552046369552,65.03351694013588,60000,300,2.556918099999166,2.53125,True
c1-3_c2-1,3.0,1.0,test_5,4,9,451,64.56353744448751,62.07848201252341,60000,300,2.5384370000028866,2.515625,True
c1-3_c2-1,3.0,1.0,test_5,4,10,452,72.09823800458136,69.79593261187347,60000,300,2.6116212000015366,2.59375,True
c1-3_c2-1,3.0,1.0,test_5,4,11,453,62.180328806713185,60.63458287662665,60000,300,2.547191700003168,2.515625,True
c1-3_c2-1,3.0,1.0,test_5,4,12,454,62.965793392079455,60.715496970667324,60000,300,3.4263035000003583,3.34375,True
c1-3_c2-1,3.0,1.0,test_5,4,13,455,62.26677680123455,59.873078611111964,60000,300,3.424516900002345,3.390625,True
c1-3_c2-1,3.0,1.0,test_5,4,14,456,68.73981971160138,66.61248445245315,60000,300,3.4424681999989843,3.390625,True
c1-3_c2-1,3.0,1.0,test_5,4,15,457,65.80754620263315,63.598074764211155,60000,300,3.6602562999978545,3.546875,True
c1-3_c2-1,3.0,1.0,test_5,4,16,458,66.68261115976175,64.84643757150633,60000,300,2.670194199999969,2.609375,True
c1-3_c2-1,3.0,1.0,test_5,4,17,459,65.85808636584557,63.19485959653097,60000,300,2.655731200000446,2.609375,True
c1-3_c2-1,3.0,1.0,test_5,4,18,460,62.04862570306251,59.847960732875414,60000,300,2.6349015000014333,2.59375,True
c1-3_c2-1,3.0,1.0,test_5,4,19,461,62.823527828944535,60.521968222162506,60000,300,2.6582712000017636,2.640625,True
c1-3_c2-1,3.0,1.0,test_6,5,0,542,52.92075257125613,51.24206960862908,60000,300,2.5941676999973424,2.5625,True
c1-3_c2-1,3.0,1.0,test_6,5,1,543,48.25644066305703,46.59990490929314,60000,300,2.7064062999997986,2.640625,True
c1-3_c2-1,3.0,1.0,test_6,5,2,544,62.54897970050021,60.21300011751926,60000,300,2.6126213999996253,2.578125,True
c1-3_c2-1,3.0,1.0,test_6,5,3,545,65.5410842333347,62.79045095093621,60000,300,2.6443084999991697,2.625,True
c1-3_c2-1,3.0,1.0,test_6,5,4,546,60.3513198286297,58.325353244344726,60000,300,2.5647134999999253,2.53125,True
c1-3_c2-1,3.0,1.0,test_6,5,5,547,59.41849796474473,57.29192277539552,60000,300,2.5656242000004568,2.5625,True
c1-3_c2-1,3.0,1.0,test_6,5,6,548,60.37017973328476,58.253745718483586,60000,300,2.682918599999539,2.671875,True
c1-3_c2-1,3.0,1.0,test_6,5,7,549,58.9236799257846,56.71059070337783,60000,300,2.7094092999977875,2.671875,True
c1-3_c2-1,3.0,1.0,test_6,5,8,550,68.44888236709451,66.2665349613926,60000,300,2.602840899999137,2.5625,True
c1-3_c2-1,3.0,1.0,test_6,5,9,551,57.706615020638374,55.98667048694579,60000,300,2.5652973000032944,2.484375,True
c1-3_c2-1,3.0,1.0,test_6,5,10,552,57.74685510849466,55.51039296875499,60000,300,2.658634499999607,2.640625,True
c1-3_c2-1,3.0,1.0,test_6,5,11,553,61.272158651850326,58.90764921766955,60000,300,2.518327499998122,2.515625,True
c1-3_c2-1,3.0,1.0,test_6,5,12,554,60.41931127135324,58.094536604401235,60000,300,2.5564239000013913,2.53125,True
c1-3_c2-1,3.0,1.0,test_6,5,13,555,56.21198860106292,53.903704474236555,60000,300,2.4692901999987953,2.46875,True
c1-3_c2-1,3.0,1.0,test_6,5,14,556,53.06257269286721,51.35158093710304,60000,300,2.4619089999978314,2.40625,True
c1-3_c2-1,3.0,1.0,test_6,5,15,557,64.53584178041254,62.422902588592265,60000,300,2.484964499999478,2.453125,True
c1-3_c2-1,3.0,1.0,test_6,5,16,558,52.23973876044673,50.25561160440688,60000,300,2.4240852999973868,2.40625,True
c1-3_c2-1,3.0,1.0,test_6,5,17,559,53.04983343319378,51.41437805473415,60000,300,2.6503363999981957,2.59375,True
c1-3_c2-1,3.0,1.0,test_6,5,18,560,52.8457263444451,50.73789448712554,60000,300,2.572878300001321,2.5625,True
c1-3_c2-1,3.0,1.0,test_6,5,19,561,58.027739841771144,55.73185419434048,60000,300,2.5641866000005393,2.515625,True
c1-3_c2-1,3.0,1.0,test_7,6,0,642,66.740274140032,64.51347983533142,60000,300,2.4486619000017527,2.453125,True
c1-3_c2-1,3.0,1.0,test_7,6,1,643,58.41888569730545,56.694624861992125,60000,300,2.4913143000012496,2.40625,True
c1-3_c2-1,3.0,1.0,test_7,6,2,644,54.071020366503596,51.525032883073024,60000,300,2.5587942999991355,2.515625,True
c1-3_c2-1,3.0,1.0,test_7,6,3,645,60.5985538207426,58.24443681768259,60000,300,2.6123250999989978,2.546875,True
c1-3_c2-1,3.0,1.0,test_7,6,4,646,56.28169133576677,54.09725502071105,60000,300,2.6658019999995304,2.65625,True
c1-3_c2-1,3.0,1.0,test_7,6,5,647,65.46128057971862,63.22181291298507,60000,300,2.6825768999988213,2.625,True
c1-3_c2-1,3.0,1.0,test_7,6,6,648,58.64896423566063,56.546083817077566,60000,300,2.6635808999999426,2.640625,True
c1-3_c2-1,3.0,1.0,test_7,6,7,649,48.01851213167496,45.876599136645524,60000,300,2.6114858000000822,2.5625,True
c1-3_c2-1,3.0,1.0,test_7,6,8,650,62.7115005232859,60.81821968771268,60000,300,2.5965432000011788,2.484375,True
c1-3_c2-1,3.0,1.0,test_7,6,9,651,65.18319870277762,63.28026174285158,60000,300,2.398183000001154,2.375,True
c1-3_c2-1,3.0,1.0,test_7,6,10,652,52.80845874381943,50.86044567214208,60000,300,2.559638399998221,2.46875,True
c1-3_c2-1,3.0,1.0,test_7,6,11,653,56.06769250310869,53.93275522926052,60000,300,2.5339266000009957,2.421875,True
c1-3_c2-1,3.0,1.0,test_7,6,12,654,64.12644359175565,61.91048971232494,60000,300,2.6123838999992586,2.578125,True
c1-3_c2-1,3.0,1.0,test_7,6,13,655,64.52985214696052,62.559866109187865,60000,300,2.5006890000004205,2.453125,True
c1-3_c2-1,3.0,1.0,test_7,6,14,656,61.17758445786002,58.85503662022188,60000,300,2.533800800003519,2.46875,True
c1-3_c2-1,3.0,1.0,test_7,6,15,657,56.555197019030885,54.504789570937795,60000,300,2.5026123999996344,2.40625,True
c1-3_c2-1,3.0,1.0,test_7,6,16,658,57.982878950118696,56.11015184322991,60000,300,2.456428199999209,2.421875,True
c1-3_c2-1,3.0,1.0,test_7,6,17,659,56.864666608019554,54.72085090308488,60000,300,2.6290423999998893,2.578125,True
c1-3_c2-1,3.0,1.0,test_7,6,18,660,64.97158452037657,62.68463249664407,60000,300,2.627028099999734,2.5625,True
c1-3_c2-1,3.0,1.0,test_7,6,19,661,65.60559530159055,62.87048487141271,60000,300,3.036711299999297,3.0,True
c1-3_c2-1,3.0,1.0,test_8,7,0,742,60.350031545336144,58.13698739963253,60000,300,3.1071078999993915,3.078125,True
c1-3_c2-1,3.0,1.0,test_8,7,1,743,47.508473821670194,45.333773484889434,60000,300,3.110204500000691,3.09375,True
c1-3_c2-1,3.0,1.0,test_8,7,2,744,51.80349369073234,49.55637852709856,60000,300,3.035881200001313,3.03125,True
c1-3_c2-1,3.0,1.0,test_8,7,3,745,51.97247631400503,50.22441161503655,60000,300,2.984804499999882,2.953125,True
c1-3_c2-1,3.0,1.0,test_8,7,4,746,55.688780954731676,53.58899741062191,60000,300,2.993025799998577,2.96875,True
c1-3_c2-1,3.0,1.0,test_8,7,5,747,57.27392004553486,54.66468857656425,60000,300,2.7838345000018307,2.75,True
c1-3_c2-1,3.0,1.0,test_8,7,6,748,56.32100698422218,54.156636791327664,60000,300,2.7168554999989283,2.703125,True
c1-3_c2-1,3.0,1.0,test_8,7,7,749,51.97295354773446,50.09375396317692,60000,300,2.8104100999989896,2.765625,True
c1-3_c2-1,3.0,1.0,test_8,7,8,750,54.140029657455415,52.3033523595111,60000,300,3.0453575999999885,3.0,True
c1-3_c2-1,3.0,1.0,test_8,7,9,751,54.05388878346511,51.7761149021562,60000,300,2.853176299999177,2.84375,True
c1-3_c2-1,3.0,1.0,test_8,7,10,752,59.42339177985589,56.41857644459547,60000,300,2.8199049000031664,2.78125,True
c1-3_c2-1,3.0,1.0,test_8,7,11,753,55.84900131742838,53.58243498808827,60000,300,3.1590413999983866,3.078125,True
c1-3_c2-1,3.0,1.0,test_8,7,12,754,51.730677544892934,49.64717282853015,60000,300,2.7163872000019182,2.6875,True
c1-3_c2-1,3.0,1.0,test_8,7,13,755,53.257261864905594,51.14191082919881,60000,300,2.967601600001217,2.953125,True
c1-3_c2-1,3.0,1.0,test_8,7,14,756,65.8303029355657,63.715897827776615,60000,300,2.897662400002446,2.90625,True
c1-3_c2-1,3.0,1.0,test_8,7,15,757,57.882208064150504,55.524385427355234,60000,300,3.01770469999974,3.0,True
c1-3_c2-1,3.0,1.0,test_8,7,16,758,61.199273144865,58.89702129195117,60000,300,2.8463797999975213,2.828125,True
c1-3_c2-1,3.0,1.0,test_8,7,17,759,59.47978202324751,56.93434620782118,60000,300,2.9016038999980083,2.84375,True
c1-3_c2-1,3.0,1.0,test_8,7,18,760,51.31976120617447,49.348227213359344,60000,300,2.62791339999967,2.59375,True
c1-3_c2-1,3.0,1.0,test_8,7,19,761,51.59522832726965,49.179001089364526,60000,300,2.7120447999986936,2.703125,True
c1-3_c2-1,3.0,1.0,test_9,8,0,842,51.75601644585357,49.77598052935727,60000,300,2.734775400000217,2.6875,True
c1-3_c2-1,3.0,1.0,test_9,8,1,843,51.422778658673906,49.715934771716384,60000,300,2.770817500000703,2.75,True
c1-3_c2-1,3.0,1.0,test_9,8,2,844,60.89516728298903,58.854683530214714,60000,300,2.48706509999829,2.46875,True
c1-3_c2-1,3.0,1.0,test_9,8,3,845,49.950911217822025,48.13406410639692,60000,300,2.702521399998659,2.703125,True
c1-3_c2-1,3.0,1.0,test_9,8,4,846,56.3158196025876,54.53273862845205,60000,300,2.531361100001959,2.53125,True
c1-3_c2-1,3.0,1.0,test_9,8,5,847,52.51801447590533,50.760603156657766,60000,300,2.837341700000252,2.828125,True
c1-3_c2-1,3.0,1.0,test_9,8,6,848,55.31066508974232,53.492181833828056,60000,300,2.6705179999989923,2.625,True
c1-3_c2-1,3.0,1.0,test_9,8,7,849,58.033827955976996,55.731259254782316,60000,300,2.5633965999986685,2.5625,True
c1-3_c2-1,3.0,1.0,test_9,8,8,850,49.753693817241114,47.65451046422911,60000,300,2.7360124999977415,2.703125,True
c1-3_c2-1,3.0,1.0,test_9,8,9,851,61.27543691426416,58.86229013809194,60000,300,2.5442990999981703,2.53125,True
c1-3_c2-1,3.0,1.0,test_9,8,10,852,53.97784935857031,52.24609830966605,60000,300,2.8344704000010097,2.796875,True
c1-3_c2-1,3.0,1.0,test_9,8,11,853,56.527715787262395,54.90660828881714,60000,300,2.721647700000176,2.703125,True
c1-3_c2-1,3.0,1.0,test_9,8,12,854,55.6911887504362,53.78009834666356,60000,300,2.7958155000014813,2.78125,True
c1-3_c2-1,3.0,1.0,test_9,8,13,855,59.14892348345579,56.64680337685698,60000,300,2.7967958000008366,2.78125,True
c1-3_c2-1,3.0,1.0,test_9,8,14,856,53.703782235979006,51.960665435691055,60000,300,2.7557062999985646,2.734375,True
c1-3_c2-1,3.0,1.0,test_9,8,15,857,61.70248454351816,59.366022319775084,60000,300,3.019388100001379,3.0,True
c1-3_c2-1,3.0,1.0,test_9,8,16,858,55.032357905329214,52.72491743511236,60000,300,2.6839708000006794,2.6875,True
c1-3_c2-1,3.0,1.0,test_9,8,17,859,55.591075965525015,53.731904563117034,60000,300,2.7753668000004836,2.734375,True
c1-3_c2-1,3.0,1.0,test_9,8,18,860,61.07952197175494,58.969745966733846,60000,300,3.0990576000003784,3.046875,True
c1-3_c2-1,3.0,1.0,test_9,8,19,861,53.680649869476795,51.52854730320164,60000,300,2.7170124000003852,2.6875,True
c1-3_c2-1,3.0,1.0,test_10,9,0,942,55.221004390840505,52.68823636699405,60000,300,2.958219200001622,2.9375,True
c1-3_c2-1,3.0,1.0,test_10,9,1,943,58.80325946187106,56.69284431831562,60000,300,3.605894199998147,3.5625,True
c1-3_c2-1,3.0,1.0,test_10,9,2,944,65.50729160723546,63.21543496665632,60000,300,2.8868073000012373,2.875,True
c1-3_c2-1,3.0,1.0,test_10,9,3,945,61.47542949953563,59.891256975458624,60000,300,2.9434516000001167,2.9375,True
c1-3_c2-1,3.0,1.0,test_10,9,4,946,55.80040357455717,53.816924826858425,60000,300,2.93447229999947,2.921875,True
c1-3_c2-1,3.0,1.0,test_10,9,5,947,53.34796842469876,51.2197936888017,60000,300,3.425395300000673,3.40625,True
c1-3_c2-1,3.0,1.0,test_10,9,6,948,52.60550307773568,50.42346718824528,60000,300,3.7797245000001567,3.765625,True
c1-3_c2-1,3.0,1.0,test_10,9,7,949,55.363799967330294,53.70680296017486,60000,300,3.67121920000136,3.625,True
c1-3_c2-1,3.0,1.0,test_10,9,8,950,59.94338206075356,57.87520623824945,60000,300,3.5595159999975294,3.5,True
c1-3_c2-1,3.0,1.0,test_10,9,9,951,47.388145921450686,45.53048798789062,60000,300,2.663100300000224,2.65625,True
c1-3_c2-1,3.0,1.0,test_10,9,10,952,66.04312539712245,63.172583386693,60000,300,2.7458775999984937,2.734375,True
c1-3_c2-1,3.0,1.0,test_10,9,11,953,59.99981018499753,57.723568427693515,60000,300,2.674951400000282,2.671875,True
c1-3_c2-1,3.0,1.0,test_10,9,12,954,59.97861963594566,57.9681300575438,60000,300,2.671823399999994,2.65625,True
c1-3_c2-1,3.0,1.0,test_10,9,13,955,58.22903827150554,55.52433658768576,60000,300,2.8877062999999907,2.890625,True
c1-3_c2-1,3.0,1.0,test_10,9,14,956,64.18616786075738,62.008450808621674,60000,300,2.6284439000010025,2.625,True
c1-3_c2-1,3.0,1.0,test_10,9,15,957,47.22033006504611,45.39623541195331,60000,300,2.768998299998202,2.765625,True
c1-3_c2-1,3.0,1.0,test_10,9,16,958,66.35995218046628,63.884217043965904,60000,300,2.6032345999992685,2.546875,True
c1-3_c2-1,3.0,1.0,test_10,9,17,959,63.111755381757206,61.03305731392846,60000,300,2.550748100002238,2.5,True
c1-3_c2-1,3.0,1.0,test_10,9,18,960,58.05100497801063,56.233018202400274,60000,300,2.390838300001633,2.3125,True
c1-3_c2-1,3.0,1.0,test_10,9,19,961,53.35475549578345,51.55473827096621,60000,300,2.5326338999984728,2.40625,True
