combo,c1,c2,instance,instance_index,n_runs,n_feasible,feasible_rate,fitness_mean,fitness_median,fitness_sd,fitness_min,fitness_max,evaluations_mean,evaluations_median,evaluations_sd,evaluations_min,evaluations_max,execution_time_mean,execution_time_median,execution_time_sd,execution_time_min,execution_time_max,cpu_time_mean,cpu_time_median,cpu_time_sd,cpu_time_min,cpu_time_max
c1-1_c2-3,1.0,3.0,test_1,0,20,20,1.0,57.88651928972945,56.52800515984404,6.286635122230315,46.99730764596062,71.6978747240366,60000.0,60000.0,0.0,60000.0,60000.0,2.677686580000409,2.720074750001004,0.16676885264107363,2.257880200002546,2.8695139000010386,2.64375,2.6875,0.16587152705284322,2.25,2.859375
c1-1_c2-3,1.0,3.0,test_2,1,20,20,1.0,53.05182547099993,51.739489448990334,6.405677177276308,43.74195451003492,70.16745523559857,60000.0,60000.0,0.0,60000.0,60000.0,2.556716465000318,2.5296694499993464,0.10113862768313454,2.3281051000012667,2.701277600001049,2.52421875,2.5078125,0.09449743169546712,2.328125,2.65625
c1-1_c2-3,1.0,3.0,test_3,2,20,20,1.0,53.13316953257104,53.0579252889251,4.185162129880704,45.746284782350656,60.518406275288584,60000.0,60000.0,0.0,60000.0,60000.0,2.643120600000111,2.6410437499998807,0.1137706524173131,2.471311199999036,2.9060667000012472,2.6171875,2.6171875,0.11948138687348137,2.40625,2.90625
c1-1_c2-3,1.0,3.0,test_4,3,20,20,1.0,50.22684454471576,49.25087134014295,5.857811971686552,41.35902260355038,61.71042716063876,60000.0,60000.0,0.0,60000.0,60000.0,2.5877896149999287,2.5797834000004514,0.05812954959273009,2.4951600000022154,2.7221065999983693,2.5640625,2.5625,0.06102284004025826,2.46875,2.671875
c1-1_c2-3,1.0,3.0,test_5,4,20,20,1.0,60.2566198978634,59.56669477798889,6.841305268925399,48.64521245737377,77.46492818064496,60000.0,60000.0,0.0,60000.0,60000.0,2.7136213999994654,2.539475699999457,0.3765420299223198,2.477838700000575,3.4749124999980268,2.6765625,2.5,0.3536660387156073,2.4375,3.4375
c1-1_c2-3,1.0,3.0,test_6,5,20,20,1.0,55.912315143847636,55.73392140465975,5.793960474668303,47.83542517899508,68.72080994227113,60000.0,60000.0,0.0,60000.0,60000.0,2.524530149999555,2.5402769000011176,0.10197022418392132,2.3417336999991676,2.7185828000001493,2.50078125,2.515625,0.10320658156638278,2.3125,2.71875
c1-1_c2-3,1.0,3.0,test_7,6,20,20,1.0,56.886272831531286,55.402337773466485,4.750044239210366,51.54105675077433,68.80525137577828,60000.0,60000.0,0.0,60000.0,60000.0,2.541616069999691,2.545702199999141,0.08623245039249273,2.3981383999998798,2.6765220999986923,2.48046875,2.5078125,0.09522887833053639,2.296875,2.640625
c1-1_c2-3,1.0,3.0,test_8,7,20,20,1.0,56.555315280378444,57.639222222194064,5.527941716814277,47.443204653820686,69.58028391432256,60000.0,60000.0,0.0,60000.0,60000.0,2.8964326249999433,2.870502750001833,0.23465813432512422,2.5497538999989047,3.5239701999998942,2.8734375,2.84375,0.2366881466886222,2.515625,3.515625
c1-1_c2-3,1.0,3.0,test_9,8,20,20,1.0,54.349903205866624,52.66346062752821,5.818903201069145,46.567739771290654,66.74119766743327,60000.0,60000.0,0.0,60000.0,60000.0,2.708209909999823,2.6626135999995313,0.2029039866522264,2.398457100000087,3.324224200001481,2.68984375,2.65625,0.19914980424607504,2.40625,3.296875
c1-1_c2-3,1.0,3.0,test_10,9,20,20,1.0,53.81667862984641,53.35666411094118,4.599831960221534,44.21252866657677,63.89812277194841,60000.0,60000.0,0.0,60000.0,60000.0,2.9094732899997324,2.828377099998761,0.36879664381106086,2.4003778000005696,3.627649799997016,2.8734375,2.7890625,0.36056724430329734,2.390625,3.578125
c1-2_c2-2,2.0,2.0,test_1,0,20,20,1.0,53.064882758492466,52.79917324679805,4.781534461320544,44.85756825355863,63.495085588234254,60000.0,60000.0,0.0,60000.0,60000.0,2.7137765700003,2.765214150000247,0.13506147022317513,2.400280499998189,2.8511417000008805,2.68046875,2.7265625,0.1387831685994853,2.359375,2.84375
c1-2_c2-2,2.0,2.0,test_2,1,20,20,1.0,51.499454534926166,51.385438974289116,5.041219256722726,44.9537572741186,59.65923877958545,60000.0,60000.0,0.0,60000.0,60000.0,2.5848610849996474,2.5959872999992513,0.09335817826928154,2.4267623999985517,2.8039634000015212,2.55703125,2.546875,0.09100631552513554,2.40625,2.78125
c1-2_c2-2,2.0,2.0,test_3,2,20,20,1.0,52.086887330775106,50.757063140356365,5.514706427373029,40.90756379567064,60.6880905153558,60000.0,60000.0,0.0,60000.0,60000.0,2.6653166050004073,2.647864100001243,0.07912258872757763,2.542071100000612,2.8311759999996866,2.63515625,2.609375,0.07971651948384614,2.515625,2.8125
c1-2_c2-2,2.0,2.0,test_4,3,20,20,1.0,50.49524746212772,50.36176651424973,5.133652573330959,39.88023206397934,58.98877532403561,60000.0,60000.0,0.0,60000.0,60000.0,2.6057473050001136,2.588982200000828,0.058966967150500545,2.5154336000014155,2.719432500001858,2.58984375,2.5703125,0.05887405540364153,2.5,2.6875
c1-2_c2-2,2.0,2.0,test_5,4,20,20,1.0,57.263609686967314,55.44067246479793,7.146180539740571,47.46914408417565,74.5152967516905,60000.0,60000.0,0.0,60000.0,60000.0,2.7670780249996825,2.6551671999986866,0.3605561832587178,2.3944373999984236,3.528272999999899,2.73671875,2.625,0.3383348516394396,2.390625,3.453125
c1-2_c2-2,2.0,2.0,test_6,5,20,20,1.0,50.32756343687363,49.18683901214425,4.245312577528509,45.049616991898645,60.96659751841446,60000.0,60000.0,0.0,60000.0,60000.0,2.5912266150000507,2.561660750001465,0.09385760721790223,2.441663100002188,2.7755558999997447,2.55078125,2.5234375,0.10424715914184299,2.375,2.765625
c1-2_c2-2,2.0,2.0,test_7,6,20,20,1.0,52.76414713227465,51.4247704564294,5.382155702275944,42.8603741632381,66.19104529997061,60000.0,60000.0,0.0,60000.0,60000.0,2.5583262450001714,2.5364197000017157,0.10071977455765323,2.3808074000007764,2.771234600000753,2.49765625,2.4921875,0.09501274044589743,2.328125,2.71875
c1-2_c2-2,2.0,2.0,test_8,7,20,20,1.0,53.227043013009435,52.89306502277725,5.943727637425385,41.3662227374309,63.295939429368126,60000.0,60000.0,0.0,60000.0,60000.0,2.8805844700000307,2.9234453500012023,0.15234246734143717,2.569360299999971,3.0987295000013546,2.859375,2.8984375,0.15723374528991776,2.515625,3.0625
c1-2_c2-2,2.0,2.0,test_9,8,20,20,1.0,52.100229455157795,51.209395306458575,3.772581553804675,46.21648840253152,60.93951521427172,60000.0,60000.0,0.0,60000.0,60000.0,2.6655386550000912,2.654283750000104,0.13814952014197085,2.390511300000071,2.987228599999071,2.65078125,2.6484375,0.14323016347340536,2.359375,2.984375
c1-2_c2-2,2.0,2.0,test_10,9,20,20,1.0,51.259598273954246,50.57502845247089,4.88541320447251,44.34657038955239,60.4453329582927,60000.0,60000.0,0.0,60000.0,60000.0,2.8841421750003065,2.7525390000009793,0.3579368451599518,2.520300500000303,3.562113899999531,2.840625,2.6953125,0.3463048004325548,2.453125,3.46875
c1-3_c2-1,3.0,1.0,test_1,0,20,20,1.0,59.75818673438507,59.55593688303766,5.245142040288557,50.932428750982204,70.78739091136748,60000.0,60000.0,0.0,60000.0,60000.0,2.7155777300004047,2.7849511499989603,0.17572555375195018,2.3109764000000723,2.919580699999642,2.68203125,2.7421875,0.16623328900480572,2.296875,2.890625
c1-3_c2-1,3.0,1.0,test_2,1,20,20,1.0,55.879835773152614,56.912457726543224,4.58088507710817,47.685551902889024,65.15009131766803,60000.0,60000.0,0.0,60000.0,60000.0,2.5874443049999174,2.5857195499993395,0.08934964802445831,2.372755299998971,2.7169997000019066,2.5546875,2.5625,0.0836838161505934,2.34375,2.6875
c1-3_c2-1,3.0,1.0,test_3,2,20,20,1.0,54.642556282858266,54.44631720164737,3.8337493404765195,47.090082060153236,64.41852842088063,60000.0,60000.0,0.0,60000.0,60000.0,2.7093620100002225,2.7024316000006365,0.09174238450088666,2.5786496000000625,2.880403099999967,2.68828125,2.6875,0.09046818896971756,2.5625,2.859375
c1-3_c2-1,3.0,1.0,test_4,3,20,20,1.0,54.44867687540284,53.02755734472591,5.51832201085832,47.73030105941817,64.83208095553397,60000.0,60000.0,0.0,60000.0,60000.0,2.6447814350005503,2.63061265000033,0.07798787288556354,2.515580699997372,2.8321774000032747,2.61484375,2.59375,0.08162788516501672,2.5,2.796875
c1-3_c2-1,3.0,1.0,test_5,4,20,20,1.0,64.0522734686445,63.93934774066726,4.214252175435538,54.37812618662528,72.09823800458136,60000.0,60000.0,0.0,60000.0,60000.0,2.779860665000706,2.6468981500001973,0.37454944604777063,2.3991922000022896,3.6602562999978545,2.7484375,2.609375,0.3531497429617462,2.40625,3.546875
c1-3_c2-1,3.0,1.0,test_6,5,20,20,1.0,58.194909924711126,58.47570988377787,5.088597708636554,48.25644066305703,68.44888236709451,60000.0,60000.0,0.0,60000.0,60000.0,2.580467194999437,2.569251250000889,0.08118395667839001,2.4240852999973868,2.7094092999977875,2.54921875,2.5625,0.07939348494872,2.40625,2.671875
c1-3_c2-1,3.0,1.0,test_7,6,20,20,1.0,59.84119176880544,59.62375902820162,5.100096195704445,48.01851213167496,66.740274140032,60000.0,60000.0,0.0,60000.0,60000.0,2.586076425000101,2.5780907999997,0.132095404467455,2.398183000001154,3.036711299999297,2.53125,2.5,0.13855382646808195,2.375,3.0
c1-3_c2-1,3.0,1.0,test_8,7,20,20,1.0,55.43259717766216,54.91440530609354,4.363882116510233,47.508473821670194,65.8303029355657,60000.0,60000.0,0.0,60000.0,60000.0,2.905345099999977,2.899633150000227,0.15167462238259133,2.62791339999967,3.1590413999983866,2.878125,2.875,0.14897539314651226,2.59375,3.09375
c1-3_c2-1,3.0,1.0,test_9,8,20,20,1.0,55.66839406661819,55.45087052763367,3.737811802279502,49.753693817241114,61.70248454351816,60000.0,60000.0,0.0,60000.0,60000.0,2.738866989999951,2.7353939499989792,0.14892894184792338,2.48706509999829,3.0990576000003784,2.7171875,2.703125,0.1421156375659958,2.46875,3.046875
c1-3_c2-1,3.0,1.0,test_10,9,20,20,1.0,58.099537371870056,58.5161488666883,5.620704564125281,47.22033006504611,66.35995218046628,60000.0,60000.0,0.0,60000.0,60000.0,2.9441527850000058,2.8279027999997197,0.42448265565900606,2.390838300001633,3.7797245000001567,2.91484375,2.8203125,0.4289122791614394,2.3125,3.765625
