variant,label,n_runs,feasible_runs,instance,fitness_n,fitness_median,fitness_mean,fitness_std,fitness_iqr,fitness_q1,fitness_q3,fitness_min,fitness_max,fitness_mean_ci_low,fitness_mean_ci_high,fitness_median_ci_low,fitness_median_ci_high,distance_n,distance_median,distance_mean,distance_std,distance_iqr,distance_q1,distance_q3,distance_min,distance_max,distance_mean_ci_low,distance_mean_ci_high,distance_median_ci_low,distance_median_ci_high,time_n,time_median,time_mean,time_std,time_iqr,time_q1,time_q3,time_min,time_max,time_mean_ci_low,time_mean_ci_high,time_median_ci_low,time_median_ci_high,cpu_n,cpu_median,cpu_mean,cpu_std,cpu_iqr,cpu_q1,cpu_q3,cpu_min,cpu_max,cpu_mean_ci_low,cpu_mean_ci_high,cpu_median_ci_low,cpu_median_ci_high,evals_n,evals_median,evals_mean,evals_std,evals_iqr,evals_q1,evals_q3,evals_min,evals_max,evals_mean_ci_low,evals_mean_ci_high,evals_median_ci_low,evals_median_ci_high
ga_ls00,GA no LS,10,10,test_1,10,38.0083456781763,38.94900501942722,4.20445405571112,4.129876222928893,36.31841757673502,40.448293799663915,33.034213730727394,46.289089381733724,36.59704943334592,41.545577328483304,35.92528296591596,42.62522477591712,10,36.57586794002461,37.37188096981733,4.11794704405711,4.025954050523374,34.70280175489724,38.72875580542061,31.60593408611561,44.520535793527635,35.064880945568696,39.91699007746042,34.36856891859223,40.925832075631064,10,8.146064499989734,8.201596560000326,1.005775074430955,1.1633862249946105,7.482165975008684,8.645552200003294,6.762112299998989,10.307410000008531,7.649414968746641,8.805880154251572,7.396939600002952,8.760188449989073,10,7.8828125,8.021875,1.007302977358076,1.19921875,7.3359375,8.53515625,6.59375,10.171875,7.4655859375,8.629726562499998,7.25,8.578125,10,60000.0,60000.0,0.0,0.0,60000.0,60000.0,60000.0,60000.0,60000.0,60000.0,60000.0,60000.0
ga_ls00,GA no LS,10,10,test_2,10,33.98572916515979,34.51098896776454,3.647629451997028,1.4511233577455016,33.00439242707662,34.45551578482212,30.66039691103405,44.225983669438804,32.79347326997022,36.98185563790724,32.75035196592829,34.666169961956065,10,32.37441397748768,32.96403215353016,3.6106815595755353,1.411879167164102,31.467679549087585,32.87955871625169,29.19905400146181,42.61750682595986,31.279136336462788,35.40245304217543,31.31322460498257,33.0527181343264,10,8.743654949998017,8.796377619999111,0.7102712878283455,0.7226909250020981,8.28715127499163,9.009842199993727,7.835298999998486,10.151871300011408,8.391044047499017,9.233732285501828,8.242083199991612,9.325945600008708,10,8.4921875,8.5859375,0.6994017936233872,0.625,8.12109375,8.74609375,7.65625,9.9375,8.1921875,9.0187890625,8.078125,9.109375,10,60000.0,60000.0,0.0,0.0,60000.0,60000.0,60000.0,60000.0,60000.0,60000.0,60000.0,60000.0
ga_ls00,GA no LS,10,10,test_3,10,36.33737529350007,35.99812440617818,4.583635226109256,5.204257535137735,32.81102751886237,38.0152850540001,29.530177862549,44.55676861096116,33.334812997281546,38.71242354967207,32.11256688216115,38.71876131024541,10,34.45467202668301,34.31959021075447,4.628953096530885,4.969011886528158,31.27612317843593,36.24513506496409,27.747043552426405,43.076578622879154,31.646904456734852,37.08335169925281,30.686118004959482,37.09698971951499,10,9.088951650017407,9.23650467999978,1.018749135970257,1.0612434499926167,8.749962299996696,9.811205749989313,7.290233499981696,10.716441299999133,8.631683953000174,9.835826671000978,8.665692750000744,10.11753360000148,10,8.9765625,9.0859375,0.9890417926127906,1.0078125,8.64453125,9.65234375,7.15625,10.5,8.4921875,9.6609375,8.53125,9.9140625,10,60000.0,60000.0,0.0,0.0,60000.0,60000.0,60000.0,60000.0,60000.0,60000.0,60000.0,60000.0
ga_ls00,GA no LS,10,10,test_4,10,31.499766864744657,31.959257868865564,3.3069676218808635,4.606677936137281,29.69288486152508,34.29956279766236,27.534932256755873,37.60919689016189,30.073591108848508,33.92563519949224,29.212349626099584,34.77702080340788,10,30.016408268998795,30.518797316034828,3.2299757994194445,4.429473057686398,28.39291708743512,32.82239014512152,26.27051524410596,36.24097954177523,28.69081429310846,32.442161652432176,27.878259404647885,33.34353346656788,10,9.446124649999547,9.466844080007286,1.2767476297831901,1.6780945000064094,8.41635617501015,10.09445067501656,7.7931491999770515,11.799926100007724,8.7431669805049,10.26029353501035,8.397723700007191,10.36469760001637,10,8.828125,9.0,1.090098069938358,1.00390625,8.2421875,9.24609375,7.609375,11.28125,8.4077734375,9.684414062499998,8.203125,9.7265625,10,60000.0,60000.0,0.0,0.0,60000.0,60000.0,60000.0,60000.0,60000.0,60000.0,60000.0,60000.0
ga_ls00,GA no LS,10,10,test_5,10,38.839795692524795,39.41150613899267,2.272815241278744,1.9682426396004473,38.46735120936058,40.43559384896103,35.976176401976396,44.27899503324159,38.15899556305183,40.80901761991595,37.9712100121604,40.642012674827235,10,37.211131799000384,37.777668973559706,2.336956544408998,1.891111918145704,36.68230172378786,38.57341364193356,34.40265728641062,42.84063498084203,36.50799925360378,39.23309288901355,36.297437506939474,39.151574218318274,10,9.014515099988785,9.085433929998544,0.7711756347513193,0.7681269500171766,8.573705774993869,9.341832725011045,8.09927219999372,10.762696899997536,8.662533827494698,9.564306587253595,8.511560300001292,9.480027900004643,10,8.7890625,8.890625,0.7782233036967389,0.79296875,8.35546875,9.1484375,7.9375,10.578125,8.4640625,9.3734375,8.3125,9.296875,10,60000.0,60000.0,0.0,0.0,60000.0,60000.0,60000.0,60000.0,60000.0,60000.0,60000.0,60000.0
ga_ls00,GA no LS,10,10,test_6,10,40.22761568659423,38.88538605151339,3.954771988414362,2.899973197338433,38.24516336540754,41.145136562745975,30.602929619989762,43.410022224995814,36.33924935908461,40.97362812584758,36.573902208631864,41.30026848426847,10,38.55775672053504,37.3194369688239,3.8594035506585787,2.8564386019177093,36.799089197563575,39.655527799481284,29.3638430491372,41.64257535590346,34.83553653001863,39.35592650821162,35.01661132162255,39.95383997935382,10,9.153859949990874,9.30806049000239,0.7844947713237225,1.2504698000047938,8.84387004999735,10.094339850002143,8.152168000000529,10.216989300010027,8.846825800510342,9.747666349752544,8.628607300008298,10.123726399993757,10,8.9453125,9.0765625,0.7631745792202826,1.12890625,8.67578125,9.8046875,7.90625,10.015625,8.6249609375,9.5046875,8.421875,9.859375,10,60000.0,60000.0,0.0,0.0,60000.0,60000.0,60000.0,60000.0,60000.0,60000.0,60000.0,60000.0
ga_ls00,GA no LS,10,10,test_7,10,33.15029768578043,33.01849528037891,3.8099327660918654,4.6568151583330994,30.061976771972173,34.71879193030527,27.9021942411311,41.25317534628992,30.955250901748155,35.39824726761822,29.78915662035832,34.85391704548283,10,31.68653196581002,31.497289175261624,3.917832939832326,4.5410657156686725,28.536579912001756,33.07764562767043,26.300470646459566,40.01512089627535,29.38474522769266,33.95304628364478,28.283413163017524,33.25649103086572,10,8.576810950005893,8.811255609997897,1.449862100795772,1.126106850009819,7.837633424984233,8.963740274994052,7.502523200004362,12.481689600012032,8.101003986496579,9.774408380000386,7.786556299979566,9.235784749995219,10,8.25,8.578125,1.4205675460103182,1.125,7.6875,8.8125,7.3125,12.203125,7.8875,9.525,7.6484375,8.9921875,10,60000.0,60000.0,0.0,0.0,60000.0,60000.0,60000.0,60000.0,60000.0,60000.0,60000.0,60000.0
ga_ls00,GA no LS,10,10,test_8,10,33.898617089362546,33.7803926002713,2.575818645681489,1.8972443296484087,32.90650246074416,34.803746790392566,28.38319678829737,38.427586066495564,32.20606055004203,35.22531520317827,32.72452678839639,35.04953465715065,10,32.269100127049384,32.163029502522704,2.6596826736226675,2.0947272668383263,31.106663505516714,33.20139077235504,26.739736619903628,36.96956377479421,30.54971387718025,33.67165301819945,30.97796069803225,33.58134533955972,10,9.073735699988902,9.294755249994342,1.010361317279541,1.1243801749806153,8.757747600000584,9.8821277749812,7.513911599991843,10.99665419998928,8.702489913755052,9.89763104248901,8.718768499995349,9.952262099977816,10,8.875,9.025,0.9470348462437906,1.0546875,8.5,9.5546875,7.390625,10.734375,8.474960937499999,9.59375,8.4375,9.578125,10,60000.0,60000.0,0.0,0.0,60000.0,60000.0,60000.0,60000.0,60000.0,60000.0,60000.0,60000.0
ga_ls00,GA no LS,10,10,test_9,10,36.266866084321165,37.30134189815017,2.932540495483766,3.8948787094761173,35.15219418673462,39.047072896210736,34.65199307215721,43.83157801335797,35.74277465281012,39.129129057463,35.09133692968073,39.58400454542192,10,34.8800376292843,35.823656694889664,2.9432182514640766,3.7985250119503746,33.624608243993535,37.42313325594391,33.05682074742177,42.45595827642385,34.26243725527308,37.67152158404087,33.60894743175227,37.84422850797612,10,8.520209249996697,8.490306390004116,0.7576844268399971,1.0640958250151016,7.9045422749914,8.968638100006501,7.499443700013217,9.748230199998943,8.06114173925962,8.936793088999474,7.807256450018031,9.058835050003836,10,8.3828125,8.2984375,0.7279547219827236,1.015625,7.75390625,8.76953125,7.25,9.46875,7.8828125,8.725039062499999,7.6484375,8.828125,10,60000.0,60000.0,0.0,0.0,60000.0,60000.0,60000.0,60000.0,60000.0,60000.0,60000.0,60000.0
ga_ls00,GA no LS,10,10,test_10,10,34.9830921473005,35.87443053320464,3.7282472677427863,5.401403409309367,32.87309230744612,38.27449571675549,32.07052557399681,42.30177083238581,33.795394093627905,38.22932200830348,32.77446872365762,39.10205726182355,10,33.4136936731659,34.3054343130521,3.7444662699000926,5.593240996597309,31.182615575321798,36.77585657191911,30.65320888771008,40.624092096794215,32.20825791428,36.67365312703506,31.058275454739622,37.67331648773707,10,8.135969799986924,8.103624000001583,0.6668682978295211,0.8171034249971854,7.638698725015274,8.45580215001246,7.076112599985208,9.087569199997233,7.702654945496033,8.504628483502819,7.5683899499999825,8.584388154996478,10,7.984375,7.928125,0.6862441180682959,0.828125,7.43359375,8.26171875,6.859375,8.9375,7.5171484375,8.340664062499998,7.375,8.445507812499997,10,60000.0,60000.0,0.0,0.0,60000.0,60000.0,60000.0,60000.0,60000.0,60000.0,60000.0,60000.0
de,Differential Evolution,10,10,test_1,10,70.63001228345557,70.10142873668892,3.801205659275905,4.896295293255903,68.08733701622943,72.98363230948533,62.035570254092214,74.73844764959517,67.7175791387971,72.23638232196429,67.94890571245371,73.44613941827822,10,67.88163207855169,67.59025449199767,3.627125278877781,4.558227685658636,65.76848194136552,70.32670962702416,60.04010734411976,71.84710265420252,65.33124704620609,69.6561534951889,65.4116188007083,70.70025258702731,10,3.6681204499909654,3.663342120000743,0.23774760992252675,0.23826782499963883,3.618453099996259,3.856720924995898,3.2479793000093196,3.9540736000053585,3.519567630000529,3.792120350752375,3.4606644500017865,3.8737871999910567,10,3.5859375,3.58125,0.2681962965296542,0.26171875,3.53515625,3.796875,3.109375,3.875,3.41875,3.725,3.3515625,3.8125,10,60000.0,60000.0,0.0,0.0,60000.0,60000.0,60000.0,60000.0,60000.0,60000.0,60000.0,60000.0
de,Differential Evolution,10,10,test_2,10,61.87032992287245,62.33087320440334,6.334606769807488,8.371148881972253,58.398674693356305,66.76982357532856,50.64331565332606,71.99957149549681,58.5396093002616,66.03849483623286,57.578087636888384,67.2600461326825,10,59.724931552592125,59.99577013786459,5.924141296130291,8.477240585803187,56.11276462814975,64.59000521395294,49.06060039396068,68.60711399647742,56.4213214380586,63.46435898600676,55.335976370237866,64.94664063722455,10,3.9903004999941913,3.9920235299970956,0.229866881081106,0.31506037499639206,3.8608252749982057,4.175885649994598,3.5227626000123564,4.294235899986234,3.8527952299977186,4.12060182124711,3.8497391999990214,4.187728499993682,10,3.90625,3.9109375,0.2213449752993679,0.328125,3.77734375,4.10546875,3.46875,4.1875,3.775,4.034375,3.765625,4.109375,10,60000.0,60000.0,0.0,0.0,60000.0,60000.0,60000.0,60000.0,60000.0,60000.0,60000.0,60000.0
de,Differential Evolution,10,10,test_3,10,66.07173695061746,65.1870483798277,4.350915354261102,4.548416185978368,62.828371676131056,67.37678786210942,56.1364501683019,71.72584159542699,62.469701960843736,67.59119504207624,62.05475787994715,67.78424994406004,10,63.65400599528658,62.90023292563823,4.26667165583467,4.74162292961266,60.57916446123893,65.32078739085159,54.08675881384457,69.33148992939067,60.231047620710875,65.25519934285839,59.7085275052355,65.4835046801231,10,3.8218412499991246,3.8508109399990644,0.29572067147882375,0.33660712499840884,3.7022945749922656,4.038901699990674,3.4269598000100814,4.3517031999945175,3.678490582498489,4.0274284824952336,3.5953803500015056,4.076768750004703,10,3.7421875,3.7578125,0.26488356489482107,0.29296875,3.63671875,3.9296875,3.328125,4.1875,3.603125,3.9140625,3.546875,3.9609375,10,60000.0,60000.0,0.0,0.0,60000.0,60000.0,60000.0,60000.0,60000.0,60000.0,60000.0,60000.0
de,Differential Evolution,10,10,test_4,10,59.64407222545002,59.59613194976701,4.435899077397685,5.515629680850722,57.01858998632812,62.53421966717884,53.154144803005465,67.01233085668433,56.957035094923576,62.14721973424551,55.58494555878832,62.80944675308582,10,57.06856224276858,57.42052957708025,4.2389671326370495,5.069215192466416,55.04801641260055,60.11723160506697,51.32073178605584,64.59613429633151,54.89831825087911,59.86847701462651,53.70140317573038,60.744623963495485,10,3.7495277499983786,4.0631928300019355,0.8674982962450675,0.27888594999240013,3.644073074996413,3.9229590249888133,3.392068500019377,6.145099099987419,3.63766463600834,4.619760920503613,3.5567136500030756,4.443663400015794,10,3.6953125,3.88125,0.6272615333734406,0.27734375,3.5859375,3.86328125,3.296875,5.4375,3.5734375,4.2828125,3.5078125,4.1015625,10,60000.0,60000.0,0.0,0.0,60000.0,60000.0,60000.0,60000.0,60000.0,60000.0,60000.0,60000.0
de,Differential Evolution,10,10,test_5,10,67.75255556397407,68.91139380122884,3.5984043393941114,3.8788346008946917,66.50985681429688,70.38869141519157,65.3138113464528,77.13506707700284,67.01974041242555,71.20871334910817,66.31910919910942,71.03179891503706,10,65.61499998305052,66.67391955170947,3.7988599116817783,3.703996820155041,64.41615819727714,68.12015501743218,62.77818209934713,75.40725164281831,64.68390431880148,69.11246467891195,64.08925169608546,68.79345932326054,10,3.6573369999823626,3.63875613999553,0.1827557913468316,0.1480606500263093,3.5574410499903024,3.7055017000166117,3.293909200001508,3.9791126000054646,3.528325574499104,3.747115512500604,3.5390616999939084,3.7287040499941213,10,3.609375,3.590625,0.1832267682712084,0.1953125,3.48046875,3.67578125,3.265625,3.953125,3.48125,3.7015625,3.46875,3.6875,10,60000.0,60000.0,0.0,0.0,60000.0,60000.0,60000.0,60000.0,60000.0,60000.0,60000.0,60000.0
de,Differential Evolution,10,10,test_6,10,64.07147679959445,64.28193820379084,4.577968754680357,4.7420631844512755,62.5751318888044,67.31719507325568,55.63592889087896,71.61420410178067,61.465156104533264,66.97351607260624,61.45437870793961,67.90844552406413,10,61.93014775037702,62.041135287934914,4.457681350622448,4.006820441237743,60.76720088936066,64.7740213305984,53.422257934113674,69.1412860234317,59.28708514930473,64.63444135286942,59.56257437592473,65.52253830175121,10,3.805565499991644,3.78413683999097,0.25319432478304366,0.2730869249935495,3.622081724999589,3.8951686499931384,3.4393584999779705,4.3171228999854065,3.6400215719902187,3.9392250737380525,3.5938503999932436,3.904483499994967,10,3.6484375,3.6625,0.24531194709774917,0.15625,3.5625,3.71875,3.34375,4.25,3.5328125,3.821875,3.5078125,3.7265625,10,60000.0,60000.0,0.0,0.0,60000.0,60000.0,60000.0,60000.0,60000.0,60000.0,60000.0,60000.0
de,Differential Evolution,10,10,test_7,10,69.09496649524603,69.16709496823776,4.9868998186034705,5.798319918311066,65.67603620333425,71.47435612164531,62.061056900255814,79.24718011985259,66.38036126569864,72.18256986630028,65.21798753342642,72.0864257761675,10,67.05383893404499,66.92789914135824,4.847368559957307,5.01118109179847,63.765254846836505,68.77643593863498,59.98824712741701,76.77379600228207,64.21638480544823,69.83737645072198,63.3477589230085,69.70646411981465,10,3.621584900000016,3.66449896999402,0.16334368356512668,0.22958452500461135,3.538112974994874,3.7676974999994854,3.464391199988313,3.9466678999888245,3.5724610499933624,3.7639902452417298,3.5201235999993514,3.7928058999968925,10,3.546875,3.546875,0.13258252147247765,0.2421875,3.421875,3.6640625,3.375,3.71875,3.46875,3.6234375,3.390625,3.671875,10,60000.0,60000.0,0.0,0.0,60000.0,60000.0,60000.0,60000.0,60000.0,60000.0,60000.0,60000.0
de,Differential Evolution,10,10,test_8,10,63.09155512532895,62.794141241480055,4.498684750080415,4.342633797164112,60.06369244126033,64.40632623842444,56.33663132895148,71.9275284157174,60.17869712142564,65.48164195428421,59.33741159974561,64.93615833043377,10,60.777471128044,60.545238131604,4.316774217685925,4.249697762805354,57.859657517903024,62.10935528070838,54.4306522195194,69.3211955855306,58.0529329663661,63.12425682595897,57.187924903217294,62.66697000582361,10,3.8092166500136955,3.951003639999544,0.37680184793252475,0.44503915002133,3.6960690499836346,4.141108200004965,3.6067739999853075,4.5822220999980345,3.7445050309970247,4.187181504502659,3.681390299985651,4.243797300005099,10,3.6875,3.8203125,0.31571694892779795,0.49609375,3.578125,4.07421875,3.515625,4.34375,3.6484375,4.017226562499999,3.5625,4.171875,10,60000.0,60000.0,0.0,0.0,60000.0,60000.0,60000.0,60000.0,60000.0,60000.0,60000.0,60000.0
de,Differential Evolution,10,10,test_9,10,66.13672068003332,63.58827726780835,5.348724905329261,8.22983167887363,59.430349773233736,67.66018145210737,54.01213020826103,68.89802892982352,60.20776271454865,66.5659941575593,58.92211832781798,67.88206569468736,10,63.96565642608905,61.366285539746244,5.185456387428788,7.665909742747871,57.281011777481964,64.94692152022984,51.955305172503365,66.55600804989271,58.07164306374766,64.22449445035066,56.7282484563028,65.34071548011187,10,3.7162895999936154,3.6323554000002334,0.25038597552387754,0.2666387750141439,3.529031149999355,3.795669925013499,3.164466899994295,3.908405700000003,3.4768809957474875,3.7693126180012766,3.4116991499904543,3.834557300011511,10,3.6171875,3.5375,0.237787654746835,0.3359375,3.390625,3.7265625,3.109375,3.796875,3.39375,3.66875,3.3359375,3.734375,10,60000.0,60000.0,0.0,0.0,60000.0,60000.0,60000.0,60000.0,60000.0,60000.0,60000.0,60000.0
de,Differential Evolution,10,10,test_10,10,58.072260315592345,58.668911767325824,3.5738054722278605,4.937625950172539,55.98998144929781,60.92760739947035,53.532450693753496,64.02880618437189,56.5701485347676,60.79250409298523,55.72914152446955,62.14340954291848,10,55.66119964513446,56.50337854068914,3.514397542347375,4.453953575464325,54.21547195835858,58.6694255338229,51.266906281394945,61.870021797223686,54.4406937262258,58.610537564151755,53.91591418335045,60.00529340640118,10,3.6271152999979677,3.6545814799988876,0.1518966369585371,0.2621036000055028,3.5285626000040793,3.790666200009582,3.454349999985425,3.870799900003476,3.5651494972492945,3.7466822659987518,3.522295300004771,3.8084922000125516,10,3.53125,3.571875,0.16539226310334001,0.265625,3.4453125,3.7109375,3.34375,3.84375,3.4734375,3.6734375,3.4375,3.71875,10,60000.0,60000.0,0.0,0.0,60000.0,60000.0,60000.0,60000.0,60000.0,60000.0,60000.0,60000.0
pso,Particle Swarm Optimisation,10,10,test_1,10,38.96257447775477,40.61728163889675,5.477086159268243,7.057777063164423,37.72938484378722,44.787161906951646,32.700152763329555,48.86377434585831,37.54046998536668,43.95318675252705,37.46856024037593,46.340695862030444,10,37.371027331142436,38.93390660388365,5.4051888105113,7.115854804438321,35.96320090294831,43.07905570738663,31.14627414049916,47.16852194454869,35.89348227761754,42.22304093351688,35.9107914021997,44.66067860269313,10,3.0983355500065954,3.189084949999233,0.3599169721190982,0.318552400029148,2.9223545499844477,3.2409069500135956,2.8838547999912407,4.046350099990377,3.0072384199971567,3.4221395802501497,2.897222999978112,3.360542499998701,10,3.0234375,3.109375,0.3543198198269781,0.2734375,2.87890625,3.15234375,2.765625,3.9375,2.9265625,3.3359375,2.859375,3.296875,10,60000.0,60000.0,0.0,0.0,60000.0,60000.0,60000.0,60000.0,60000.0,60000.0,60000.0,60000.0
pso,Particle Swarm Optimisation,10,10,test_2,10,36.15184391718576,36.590207746648765,4.895736608172592,5.845889153963839,33.770810763765965,39.616699917729804,27.945098711915644,44.68015750958733,33.71805711528271,39.46114789363317,33.447776646624376,40.37420423696007,10,34.3588763410564,34.85797871443278,4.693295770989102,5.2383901916264435,32.45230514786426,37.6906953394907,26.460421637827206,42.760075828574436,32.1021132508223,37.6333677627917,31.87316731720682,38.31724581531272,10,3.466552749989205,3.4765906300046483,0.16172227880102355,0.23098979998758296,3.3952514000193332,3.626241200006916,3.1698847000079695,3.6723462999798357,3.3809965010047742,3.5696371542574346,3.3924512000230607,3.660421000007773,10,3.3984375,3.4109375,0.15625868031444243,0.22265625,3.328125,3.55078125,3.125,3.609375,3.3171875,3.5015625,3.3046875,3.578125,10,60000.0,60000.0,0.0,0.0,60000.0,60000.0,60000.0,60000.0,60000.0,60000.0,60000.0,60000.0
pso,Particle Swarm Optimisation,10,10,test_3,10,35.79489897368785,37.06973104568755,4.704922868864572,4.375770414461016,34.24802870993232,38.62379912439334,31.62714962702314,48.12867481280629,34.62929744228494,40.022803355911364,33.85031043620727,39.3078060425841,10,33.95474653293641,35.25159165159762,4.714908137909506,4.221079566556419,32.326391455941916,36.547471022498335,29.99085987820067,46.48096866499129,32.826151622234015,38.22625838378146,31.951498195112823,37.14224944059814,10,3.1275277499953518,3.226725069998065,0.24741006241287142,0.36073917500471,3.0383807250036625,3.3991199000083725,2.964774199994281,3.6361899999901652,3.08929499424994,3.375373056749813,3.02237459999742,3.4544183499965584,10,3.0625,3.175,0.2544951770444558,0.37109375,2.9765625,3.34765625,2.90625,3.59375,3.034375,3.3265625,2.96875,3.421875,10,60000.0,60000.0,0.0,0.0,60000.0,60000.0,60000.0,60000.0,60000.0,60000.0,60000.0,60000.0
pso,Particle Swarm Optimisation,10,10,test_4,10,31.303824556539077,31.14938139294545,3.1088433767233834,4.552070111132721,28.67601975184025,33.22808986297297,26.153581178399,35.744757019835156,29.2903719109406,32.918318907960135,28.013126312276,33.51559189761764,10,29.926017021072532,29.69864316992321,3.0713321571187397,4.459551214544856,27.22466848394639,31.684219698491248,24.735742275021845,34.233774590011045,27.853327601181665,31.43190878338132,26.57419954408494,32.04361874978685,10,3.4110746500082314,3.6445721600000978,0.572364980845415,0.2467559500146308,3.342273774986097,3.589029725000728,3.2207749000226613,4.942836900008842,3.3542031617525208,4.008119574257071,3.3130722499918193,3.933772599993972,10,3.3515625,3.484375,0.3607687345947693,0.3125,3.2578125,3.5703125,3.140625,4.203125,3.290625,3.7109375,3.2421875,3.71875,10,60000.0,60000.0,0.0,0.0,60000.0,60000.0,60000.0,60000.0,60000.0,60000.0,60000.0,60000.0
pso,Particle Swarm Optimisation,10,10,test_5,10,46.58131940837593,47.38078871567023,5.283092769244585,5.447879918126617,44.18461781624755,49.63249773437417,38.782797113784625,57.76239718055638,44.400283834525986,50.621127961418956,43.58215304809933,50.47935430808889,10,44.79191012428926,45.5073263310584,5.18569806203158,5.218381019629113,42.43711951018549,47.6555005298146,36.91794753854977,55.6713115148688,42.56414910850584,48.68041959442664,41.843174057951565,48.46136197197555,10,3.1753596999915317,3.182698360001086,0.20951434562583435,0.2958958499948494,3.0229798500076868,3.318875700002536,2.855217000003904,3.4861374000029173,3.0608364432517554,3.3080707519969295,2.9851680000138003,3.353018699999666,10,3.109375,3.109375,0.20976073505835696,0.23828125,2.97265625,3.2109375,2.796875,3.4375,2.9859375,3.2359375,2.9375,3.265625,10,60000.0,60000.0,0.0,0.0,60000.0,60000.0,60000.0,60000.0,60000.0,60000.0,60000.0,60000.0
pso,Particle Swarm Optimisation,10,10,test_6,10,39.026033635306234,39.0463627088687,2.789617624893713,4.6906997914577175,36.73947978105191,41.43017957250963,34.92170707774266,42.768262674668215,37.367752818121055,40.66583217850498,36.21907820419003,41.81470964581624,10,37.267595879400744,37.34555350482634,2.5853759092627584,4.4520926741664795,35.15362247905408,39.60571515322056,33.442437145856175,40.80981981045034,35.792802662109736,38.850804716058384,34.70900307280492,39.96251925972034,10,3.4677327499957755,3.450825730001088,0.281086047407776,0.14209092500823317,3.37920574999589,3.5212966750041232,2.9014205999847036,4.013173100014683,3.2865279182419185,3.615226756009288,3.340745900000911,3.559429650005768,10,3.3828125,3.3609375,0.26253823299611473,0.22265625,3.25,3.47265625,2.875,3.859375,3.20625,3.515625,3.234375,3.4921875,10,60000.0,60000.0,0.0,0.0,60000.0,60000.0,60000.0,60000.0,60000.0,60000.0,60000.0,60000.0
pso,Particle Swarm Optimisation,10,10,test_7,10,38.25320596220156,41.00926761940469,6.766624497264401,9.258520813094947,37.58953470317158,46.84805551626653,32.11241391090546,52.775840499658905,37.23014814177875,45.0354940330188,36.106039486596885,48.318369242090114,10,36.36612106147416,39.15341094761456,6.564527263274576,8.695242893548318,35.97296782917355,44.66821072272187,30.811452111811015,50.72129138481519,35.50542501601354,43.06541981140975,34.22186603172109,46.0787364429777,10,3.385674100005417,3.4448526500025762,0.24694624549533525,0.2941391749991453,3.3159637750068214,3.6101029500059667,3.069457000005059,3.892671999987215,3.3032085405040563,3.592600579999271,3.2845489000028465,3.6626571000088006,10,3.2890625,3.31875,0.2454225027602626,0.2734375,3.1953125,3.46875,2.953125,3.8125,3.1812109375,3.46875,3.1484375,3.515625,10,60000.0,60000.0,0.0,0.0,60000.0,60000.0,60000.0,60000.0,60000.0,60000.0,60000.0,60000.0
pso,Particle Swarm Optimisation,10,10,test_8,10,38.470462028143984,39.83338052173966,4.439695770671294,5.527047904826162,36.57164544218443,42.098693347010595,34.63735292931781,47.31696452241882,37.38456940207134,42.53150928351511,36.437117173537445,43.44737662376123,10,36.74088134123689,38.01446350962537,4.355364267843917,5.335492761204364,34.81330032688138,40.148793088085746,32.94050684312022,45.48537182612453,35.61907375481459,40.670897133809966,34.60537499364244,41.534795831333845,10,3.323282500001369,3.4147948500030907,0.45452200739050613,0.45948267499625217,3.0795351000051596,3.539017775001412,2.9005369000078645,4.247794499999145,3.1651417432566085,3.703093909751696,3.054118700005347,3.7519000000029337,10,3.265625,3.3046875,0.4224372539288462,0.5078125,2.9765625,3.484375,2.828125,4.109375,3.0671875,3.5671875,2.9375,3.578125,10,60000.0,60000.0,0.0,0.0,60000.0,60000.0,60000.0,60000.0,60000.0,60000.0,60000.0,60000.0
pso,Particle Swarm Optimisation,10,10,test_9,10,40.61524960572365,41.69646468513919,4.910425808290168,4.8048522072351645,39.030385667588604,43.83523787482377,34.42248075503552,51.14479972670698,38.91958325485218,44.68857459215287,38.72554107534054,44.71688644925456,10,38.85974593043075,39.962294013838076,4.719891686447528,4.977507301287176,37.37738777662549,42.354895077912666,32.88923522436015,48.6380005982984,37.272230315903506,42.8296255066937,37.0490800943203,43.2866747706696,10,3.14033735000703,3.150753820000682,0.222167959992232,0.2290962750048493,2.9895212250048644,3.2186175000097137,2.844432699988829,3.598784200003138,3.0296066427482584,3.288001346753226,2.9740365000034217,3.2775746499974048,10,3.0625,3.078125,0.21812907907679088,0.25390625,2.92578125,3.1796875,2.8125,3.515625,2.9578125,3.2109375,2.90625,3.203125,10,60000.0,60000.0,0.0,0.0,60000.0,60000.0,60000.0,60000.0,60000.0,60000.0,60000.0,60000.0
pso,Particle Swarm Optimisation,10,10,test_10,10,36.63836974692278,37.05863942247601,4.032729878775192,5.590987738503756,34.054747970663485,39.64573570916724,31.454247991476024,43.438583470066945,34.78695430716175,39.44376204477286,33.62877259029814,40.7816636066883,10,34.88544420847184,35.46718947814282,3.826717725312195,5.512567631238213,32.52599431099975,38.03856194223796,30.37317488885833,41.54452105146114,33.31383278571844,37.745415986155336,32.2406876587361,39.01816562237475,10,3.126948449993506,3.114335019994178,0.13400024574262334,0.1726317750144517,3.0315272499865387,3.2041590250009904,2.8936785999976564,3.2999023999727797,3.033971218241495,3.1923355639916555,3.0146406999847386,3.2263139999995474,10,3.0625,3.05,0.1429779994731124,0.21875,2.92578125,3.14453125,2.828125,3.25,2.9640625,3.1328125,2.90625,3.171875,10,60000.0,60000.0,0.0,0.0,60000.0,60000.0,60000.0,60000.0,60000.0,60000.0,60000.0,60000.0
abc,Artificial Bee Colony,10,10,test_1,10,41.81644859469573,41.437810333894355,2.2962628175073383,2.6991501525901,39.995339293917525,42.694489446507625,37.63366537549218,45.33830233791181,40.088726896202765,42.810868761213534,39.5589194931464,42.84636742260823,10,39.85142929280643,39.61584483772829,2.198016969649185,2.9317903835369634,38.06744673201547,40.99923711555243,35.90772714669183,43.14753776673037,38.34463935751673,40.92355214966556,37.90171152497605,41.091985022162675,10,5.237290949997259,5.350737089995528,0.38321044185111475,0.5901830249786144,5.092629675003991,5.682812699982605,4.866975499986438,5.906141099985689,5.13079941975142,5.577523186749095,5.038147550003487,5.741400899976725,10,5.125,5.225,0.3780403371702255,0.58984375,4.9609375,5.55078125,4.765625,5.765625,5.0109375,5.45,4.890625,5.609375,10,60000.0,60000.0,0.0,0.0,60000.0,60000.0,60000.0,60000.0,60000.0,60000.0,60000.0,60000.0
abc,Artificial Bee Colony,10,10,test_2,10,40.290904024196536,39.60231445379513,2.723625876674636,2.622403110705271,38.63629308563597,41.25869619634124,33.609366027921276,42.919515595978645,37.910258347703376,41.04986312127335,38.215830660320215,41.34827898131188,10,38.75282523321701,37.98463283779383,2.758090479736505,2.687902317239974,36.964285190299385,39.65218750753936,31.935630556632216,41.34994351528392,36.27501445287785,39.45070613165618,36.605190699941666,39.766776123295315,10,5.682251550009823,5.692535240002326,0.17811589497949212,0.22635564998199698,5.574713200003316,5.801068849985313,5.4367211000062525,6.030353699985426,5.5923767255054555,5.800600535997801,5.549407100013923,5.819702499982668,10,5.546875,5.5765625,0.20458211345529043,0.2578125,5.4609375,5.71875,5.234375,5.9375,5.4578125,5.6984375,5.4453125,5.75,10,60000.0,60000.0,0.0,0.0,60000.0,60000.0,60000.0,60000.0,60000.0,60000.0,60000.0,60000.0
abc,Artificial Bee Colony,10,10,test_3,10,40.17164309369827,40.0993805770011,1.2195427707711373,1.134397507839708,39.56035936328703,40.694756871126735,37.9027068510631,41.91285411101166,39.38215072911841,40.79906642636987,39.33805629583675,40.942449226190504,10,38.57220552805834,38.378933902995016,1.174072915054846,0.8491773103690434,37.92231570787734,38.77149301824638,36.19970721988913,40.10042703504743,37.678911328708736,39.056096314592835,37.54999811670089,39.283264765656966,10,5.844000650002272,5.854225100000622,0.1922971746019446,0.23888847498892574,5.793529150003451,6.032417624992377,5.534374499984551,6.072340400016401,5.73731088125227,5.962189402246368,5.685115800006315,6.043903699988732,10,5.75,5.7359375,0.19227851842011195,0.23828125,5.6484375,5.88671875,5.40625,5.953125,5.6171875,5.84375,5.5859375,5.90625,10,60000.0,60000.0,0.0,0.0,60000.0,60000.0,60000.0,60000.0,60000.0,60000.0,60000.0,60000.0
abc,Artificial Bee Colony,10,10,test_4,10,34.700520893084004,34.55350332432537,1.8671859302843858,1.8610155435964444,33.42556378336116,35.28657932695761,31.730993527047946,38.608762749100556,33.532377352728325,35.713712727855736,33.221849757997134,35.330176816732724,10,33.17789487808946,32.99252194509329,1.8325074554986152,1.6656540600851706,31.92109515314473,33.5867492132299,30.093271096333595,36.962654796896885,31.984708265125583,34.13063413247,31.74710479115939,33.755519233405124,10,6.32366130000446,6.398816929996246,0.503774705422955,0.7916780750238104,5.978215799987083,6.769893875010894,5.801237699983176,7.192125100002158,6.109003256991855,6.701184187500257,5.962858399987454,6.836998400016455,10,6.0859375,6.1203125,0.31852269264397265,0.5234375,5.84765625,6.37109375,5.671875,6.609375,5.9328125,6.3109375,5.828125,6.4140625,10,60000.0,60000.0,0.0,0.0,60000.0,60000.0,60000.0,60000.0,60000.0,60000.0,60000.0,60000.0
abc,Artificial Bee Colony,10,10,test_5,10,43.320487032270634,43.28174841580886,1.3029372123908325,1.7717638993621918,42.39417255598515,44.16593645534734,41.15327098419459,45.42646785255141,42.53529634266959,44.06127144195767,42.2555356889886,44.28438094886165,10,41.53334444006516,41.527766438400285,1.297444238448681,1.5211886908636316,40.94340855888978,42.46459724975341,39.366754154720425,43.63620334679327,40.77802783975621,42.30046705578034,40.46285005836452,42.50111389633521,10,5.7729632499977015,5.783868290003738,0.1409141415675285,0.08553282501088688,5.758807449994492,5.844340275005379,5.54082580000977,6.065032899990911,5.700810748000804,5.869412780004641,5.695422950011562,5.856283000000985,10,5.609375,5.6390625,0.1361060178327093,0.12109375,5.59765625,5.71875,5.390625,5.890625,5.559375,5.7203125,5.578125,5.75,10,60000.0,60000.0,0.0,0.0,60000.0,60000.0,60000.0,60000.0,60000.0,60000.0,60000.0,60000.0
abc,Artificial Bee Colony,10,10,test_6,10,40.571344771595186,40.7261633829589,2.3743410565515726,4.017140316895983,38.96059938361611,42.977739700512096,37.08589843935592,43.86099529410972,39.351793622890376,42.107348485314695,38.766236290786615,43.667929392934916,10,39.06404776668846,39.136385970825835,2.361907105097626,3.9102727553875596,37.40853909249759,41.31881184788515,35.36032299577028,42.13263230673116,37.74416180047109,40.49063648496677,37.22062706605432,41.848484936666445,10,6.077082800009521,6.095059720004793,0.32831468524375473,0.4931785250082612,5.830925074995321,6.324103600003582,5.657240800006548,6.686120900005335,5.899971021753954,6.2891308500053125,5.793017099989811,6.343761700001778,10,5.9296875,5.9546875,0.32017061559468224,0.33203125,5.77734375,6.109375,5.53125,6.625,5.7734375,6.15,5.6953125,6.125,10,60000.0,60000.0,0.0,0.0,60000.0,60000.0,60000.0,60000.0,60000.0,60000.0,60000.0,60000.0
abc,Artificial Bee Colony,10,10,test_7,10,37.48865466847946,37.83096577164715,2.1874168241118235,1.6990265865574443,36.7079246235749,38.40695121013234,34.33383796617147,42.06268811422575,36.59633676191337,39.16597440875952,36.61173751423951,39.2263879522245,10,35.74480524850239,35.99813858764428,2.0927309013723803,1.6861167166149897,34.818869012774215,36.504985729389205,32.8236490165378,40.24375643712935,34.83727752521483,37.30125496951437,34.7581430415129,37.21009565668355,10,5.793669700011378,5.840034039999591,0.23544734569933462,0.28390825001406483,5.684697974989831,5.968606225003896,5.528476399980718,6.350320600002306,5.7118801212491235,5.987343120251026,5.66469189999043,5.9935524000029545,10,5.625,5.6625,0.22087263801164286,0.2265625,5.515625,5.7421875,5.421875,6.15625,5.54375,5.8,5.4921875,5.765625,10,60000.0,60000.0,0.0,0.0,60000.0,60000.0,60000.0,60000.0,60000.0,60000.0,60000.0,60000.0
abc,Artificial Bee Colony,10,10,test_8,10,38.30586015084141,38.20743793878283,1.3270466459000934,1.1532599644064518,37.54091948000009,38.694179444406544,36.32079939315119,40.72271827093138,37.452363978021005,39.001210828452756,37.12908390383442,39.015750296433275,10,36.442098866923885,36.48048745154008,1.2519008745335827,1.1260152676229538,35.83085436785275,36.956869635475705,34.75438527914389,38.91667167348679,35.77576333215167,37.24135755147069,35.52180296725065,37.23877270049101,10,6.164355450004223,6.100438990004477,0.4179545399751054,0.4186405750151607,5.899009350003325,6.317649925018486,5.341889400006039,6.683659600006649,5.852554286755549,6.334936767506078,5.829880500008585,6.382486200003768,10,6.0078125,5.9234375,0.3644679877060536,0.390625,5.74609375,6.13671875,5.171875,6.34375,5.7,6.121875,5.671875,6.1875,10,60000.0,60000.0,0.0,0.0,60000.0,60000.0,60000.0,60000.0,60000.0,60000.0,60000.0,60000.0
abc,Artificial Bee Colony,10,10,test_9,10,39.68112179567846,39.14307691172712,3.568405105773154,4.723322469109817,36.11414260050168,40.8374650696115,33.692931664213724,44.81060791802189,37.017056683932765,41.271262767234795,35.74922485226942,42.119053822463876,10,38.002465258431975,37.5384883898734,3.5378739969999065,4.625976448457685,34.698196114455925,39.32417256291361,31.985247886389054,43.19642674129681,35.44616068164384,39.643673274595,34.44128245702469,40.4528527391939,10,5.624188550005783,5.635047880001366,0.13724325226347625,0.16002585001115222,5.532694425004593,5.692720275015745,5.480110799981048,5.942162399995141,5.55869064049868,5.723068542010806,5.516069100005552,5.6972484000143595,10,5.53125,5.5375,0.14210257689820796,0.171875,5.4296875,5.6015625,5.375,5.84375,5.4578125,5.6296875,5.421875,5.609375,10,60000.0,60000.0,0.0,0.0,60000.0,60000.0,60000.0,60000.0,60000.0,60000.0,60000.0,60000.0
abc,Artificial Bee Colony,10,10,test_10,10,37.28913928853392,37.985576690685534,2.77897406423245,4.798753915581038,35.972536419551076,40.771290335132115,34.23530224699134,41.82458087155376,36.33521773098064,39.621236109555326,35.63983942028422,41.07813686540937,10,35.531779304874405,36.287155316617806,2.6524150436582983,4.058424480535976,34.635808608441366,38.69423308897734,32.44123021704443,40.046047355034304,34.71499902334268,37.8323989187584,34.08918621440181,38.842159004741205,10,5.593620500003453,5.621710499998881,0.32574079527605593,0.5143287999817403,5.369808125004056,5.884136924985796,5.1825958999979775,6.1122976999904495,5.436301011504765,5.8160807747496435,5.311729100008961,5.957070399977965,10,5.46875,5.5046875,0.3250141890599205,0.578125,5.21875,5.796875,5.109375,5.984375,5.31875,5.7,5.15625,5.859375,10,60000.0,60000.0,0.0,0.0,60000.0,60000.0,60000.0,60000.0,60000.0,60000.0,60000.0,60000.0
css,Charged System Search,10,10,test_1,10,58.181195691066094,60.629005506368266,7.910003809650224,12.6087485181596,54.38453097988199,66.99327949804159,51.3646250009756,73.3255789787286,56.14172323151989,65.42285292036857,54.00881754093423,67.81552405437516,10,56.16729629649986,58.73505944504775,7.820856251535704,12.519326607237872,52.46694994275687,64.98627654999474,49.81013362915017,71.53116309529419,54.30450220917847,63.45421099814394,52.180902704712594,65.69987355428864,10,16.81278320000274,16.69315540000098,0.6728241147552161,0.6544565749791218,16.537914775006357,17.19237134998548,15.397260700003244,17.483863000001293,16.271853589999957,17.05550557249575,16.184471100001247,17.22670129998005,10,16.546875,16.359375,0.6429708067504568,0.6328125,16.15625,16.7890625,15.171875,17.15625,15.959375,16.70625,15.84375,16.8125,10,60000.0,60000.0,0.0,0.0,60000.0,60000.0,60000.0,60000.0,60000.0,60000.0,60000.0,60000.0
css,Charged System Search,10,10,test_2,10,54.836954191093184,54.66173896494089,3.9383341968830017,4.558044453606975,52.03791862444998,56.595963078056954,48.53554137958484,60.94601176450321,52.318293098343865,56.92460336585762,51.57154756265313,57.81397233068341,10,53.002388369979144,52.635630236754515,3.8421175219324577,4.10588409250844,50.191872915411054,54.29775700791949,46.666061308191566,58.773185156364335,50.36185474528125,54.84034157418705,49.508478921208365,55.63069042335562,10,17.388993099986692,17.324971450000884,0.5213497336938767,0.74188292503095,16.90539389998594,17.64727682501689,16.53805200001807,18.17559440000332,17.021906108006878,17.632702637749755,16.847890999983065,17.71201450000808,10,17.125,16.9703125,0.5229358603715182,0.8828125,16.47265625,17.35546875,16.203125,17.75,16.6640625,17.2734765625,16.4375,17.375,10,60000.0,60000.0,0.0,0.0,60000.0,60000.0,60000.0,60000.0,60000.0,60000.0,60000.0,60000.0
css,Charged System Search,10,10,test_3,10,56.649510689260985,57.26829058764771,4.935916706247019,6.283545627213684,53.48424073550365,59.76778636271733,50.9891860253175,65.68244611927437,54.457690844835994,60.306945132198294,52.61093353331921,60.97803003627543,10,54.65261887817423,55.246546262184985,4.837150816066631,5.798001560736282,51.790593832407126,57.58859539314341,48.82118749811782,63.63657199972289,52.47739343661065,58.237173909488774,50.91407410053177,58.694235270867885,10,17.819131250013015,17.70762972999946,0.4280706384950299,0.37973660000716336,17.524371624997002,17.904108225004165,16.909615599986864,18.363785999972606,17.443610475248278,17.949530175494363,17.404561150004156,17.979981399999815,10,17.4765625,17.25625,0.38585279378569,0.53125,16.9765625,17.5078125,16.640625,17.671875,17.017148437499998,17.46875,16.90625,17.515625,10,60000.0,60000.0,0.0,0.0,60000.0,60000.0,60000.0,60000.0,60000.0,60000.0,60000.0,60000.0
css,Charged System Search,10,10,test_4,10,51.56521126464557,52.00778301605035,5.2097073428757,3.25339992072918,49.61261213472173,52.86601205545091,45.295935855429136,64.6936432787495,49.27986840348338,55.4585870399126,48.792796124049886,53.22844374971446,10,49.97223134027758,50.03985802815933,4.980954611971106,3.470219500273636,47.480530224339155,50.95074972461279,43.713652854438465,61.976812749508305,47.42030910387899,53.320001663294,46.70325673609676,51.55635653516498,10,18.560638900016784,18.400907740008552,0.8848354527713855,1.152930025011301,17.751484899999923,18.904414925011224,17.180881999986013,20.050573900021845,17.8974442097485,18.943450656014758,17.558535700009088,18.937367800011998,10,17.6953125,17.6609375,0.783713130999723,0.828125,17.08984375,17.91796875,16.5,19.21875,17.2296875,18.15,16.984375,18.140625,10,60000.0,60000.0,0.0,0.0,60000.0,60000.0,60000.0,60000.0,60000.0,60000.0,60000.0,60000.0
css,Charged System Search,10,10,test_5,10,60.30635670246573,62.4854283365362,4.7489789516266905,6.624520195966554,59.48534545857595,66.1098656545425,56.48644800303102,70.46140333191289,59.827032710800154,65.44721559817427,59.170146448129415,66.92111576798462,10,58.534432604145024,60.43713945523973,4.659177346829079,6.726936820596208,57.36670145687056,64.09363827746677,54.45595483086399,68.02790757023607,57.80821539468769,63.34067430551446,57.10855672433818,64.95170149730001,10,17.095809400008875,16.992291550000665,0.4663172816852875,0.5036768750069314,16.718755949994375,17.222432825001306,16.021817000000738,17.69850949998363,16.69819986674949,17.252888085246596,16.645496999990428,17.27763364999555,10,16.734375,16.6609375,0.4368826249135903,0.45703125,16.453125,16.91015625,15.703125,17.28125,16.384375,16.9,16.390625,16.9296875,10,60000.0,60000.0,0.0,0.0,60000.0,60000.0,60000.0,60000.0,60000.0,60000.0,60000.0,60000.0
css,Charged System Search,10,10,test_6,10,58.16917221069799,57.88575065491595,3.4151181843868903,5.528229207251179,55.37996506466657,60.90819427191775,51.509084205125355,61.62390818084014,55.850625870735044,59.83789088372558,55.007506460999814,61.0276648604204,10,55.98303425167772,55.97861154288317,3.263638762154414,4.8729351510287415,53.89847430600234,58.77140945703108,49.79260807415202,59.86218923238524,54.02157074308169,57.842353462013136,53.61106333390077,58.921982809902076,10,17.7948261499987,17.83395281000412,0.6007351095063648,0.9405211500197765,17.38347814998997,18.323999300009746,17.042835600004764,18.7395027000166,17.482622832248964,18.19154651000572,17.302897000015946,18.346185800008243,10,17.3515625,17.396875,0.6265259150443996,1.01171875,16.953125,17.96484375,16.515625,18.234375,17.028125,17.7578125,16.8359375,17.984375,10,60000.0,60000.0,0.0,0.0,60000.0,60000.0,60000.0,60000.0,60000.0,60000.0,60000.0,60000.0
css,Charged System Search,10,10,test_7,10,59.602461412616776,60.4700998375778,5.453838346641665,7.536959141505356,57.174393936798005,64.71135307830336,53.343920074605755,69.42058972214222,57.29468480089042,63.6490039815951,55.61435728108682,65.4473694182765,10,57.31494468514143,58.25829438289675,5.484996425009668,7.715287192155749,54.97677617692846,62.69206336908421,51.00811821637835,67.19724258300909,55.07372973657624,61.44500133968974,53.330489589789465,63.44519259735501,10,18.11946679999528,18.146096380005474,0.7024105104649566,0.9261899500052095,17.69339305000176,18.61958300000697,16.940835500019602,19.39145299998927,17.73691497650907,18.56553455850306,17.610128300002543,18.737326800008304,10,17.5,17.525,0.7019550451536527,0.84765625,17.0859375,17.93359375,16.40625,18.8125,17.1171875,17.946875,17.0,18.0,10,60000.0,60000.0,0.0,0.0,60000.0,60000.0,60000.0,60000.0,60000.0,60000.0,60000.0,60000.0
css,Charged System Search,10,10,test_8,10,59.50257405937713,59.9194032444169,3.5439764081504554,3.3022109249200184,58.061807457866536,61.364018382786554,54.65410511195005,67.5128352294811,57.939946911362895,62.0815472187218,57.55564635823255,61.68054455760232,10,57.46867604788668,57.90314659654079,3.349367990594249,3.1028085871269795,56.340636292113295,59.443444879240275,52.7786945674577,64.98986116211124,56.02816087780154,59.926441133269996,55.714672276209846,59.78789612230449,10,17.23744529999385,17.416274679999333,0.6225017730756214,1.0901489500101889,16.890009774993814,17.980158725004003,16.64477210000041,18.292272299993783,17.058728874996742,17.787805420000222,16.86496539998916,17.981103500002064,10,16.8125,16.971875,0.5641276605176447,1.01953125,16.5234375,17.54296875,16.234375,17.734375,16.65,17.3078125,16.5,17.578125,10,60000.0,60000.0,0.0,0.0,60000.0,60000.0,60000.0,60000.0,60000.0,60000.0,60000.0,60000.0
css,Charged System Search,10,10,test_9,10,58.975703951929596,58.52429196339548,4.688209407451311,4.802775678124277,55.703693393030264,60.50646907115454,50.74399137473176,66.11164438625369,55.762529750960894,61.32545498173399,55.12570759768143,62.064175256062896,10,56.77017371220869,56.539529416833645,4.5531884602420805,4.460301513705396,53.96605921624245,58.426360729947845,48.991598057849835,63.857612183308305,53.85451183923601,59.24738663530577,53.33319892080963,60.07273931087927,10,17.05973674998677,16.927993650001007,0.37928871129434266,0.4477591500181006,16.72034144999634,17.16810060001444,16.236489500006428,17.452055700006895,16.696610951504116,17.138863464999957,16.59958280000137,17.18943970001419,10,16.71875,16.5203125,0.3952881387970187,0.53125,16.29296875,16.82421875,15.703125,16.84375,16.267148437499998,16.73125,16.25,16.828125,10,60000.0,60000.0,0.0,0.0,60000.0,60000.0,60000.0,60000.0,60000.0,60000.0,60000.0,60000.0
css,Charged System Search,10,10,test_10,10,57.57278605390667,58.86304029477829,5.8790350183825595,8.417150393511754,54.68364315075099,63.10079354426274,49.90239176231213,67.08756088452179,55.42503979324653,62.32614348277174,54.231310447164766,64.79161243144105,10,55.5024829615435,56.88116512044206,5.957422554351265,8.448274301726585,52.75622932466898,61.204503626395564,47.8733316693732,65.60275196534153,53.40375490993517,60.440093831007324,52.283314516718015,62.66806659065945,10,14.983442149998154,15.066014409999479,1.7020239749176829,2.3020331250008894,14.037069575002533,16.339102700003423,12.355543899990153,17.80670509999618,14.066316326747037,16.068348109998624,13.674006550005288,16.42310610000277,10,14.6640625,14.7203125,1.609121305516789,2.07421875,13.77734375,15.8515625,12.09375,17.328125,13.771875,15.664101562499999,13.4296875,15.984375,10,60000.0,60000.0,0.0,0.0,60000.0,60000.0,60000.0,60000.0,60000.0,60000.0,60000.0,60000.0
