instance,n_pairs,n_both_feasible,baseline_mean,repair_mean,mean_gain,repair_wins,baseline_feasible,repair_feasible,baseline_mean_feasible,repair_mean_feasible
test_1,15,15,10.129041946648764,9.92413467589481,0.2049072707539545,14,15,15,0.5711033333333333,0.7601544666666666
test_2,15,15,11.404296330603682,11.063558601531694,0.34073772907198624,15,15,15,0.5814166666666666,0.7525744666666667
test_3,15,15,10.11881060814626,9.854323613647324,0.26448699449893476,12,15,15,0.6040033333333334,0.7521843999999999
test_4,15,15,11.099243506993911,10.787320597503706,0.31192290949020746,14,15,15,0.5960865999999999,0.7268988666666666
test_5,15,15,11.249528125686954,10.895828881565716,0.35369924412123693,14,15,15,0.5915456,0.7339900666666667
test_6,15,15,11.704877645124869,11.305560887793813,0.3993167573310544,14,15,15,0.5861011333333334,0.7175979333333333
test_7,15,15,10.259230270047954,9.974912095932034,0.28431817411592014,14,15,15,0.6132334,0.7835300666666666
test_8,15,15,10.812972428227463,10.446796389082657,0.3661760391448079,14,15,15,0.5954732666666668,0.7542278666666665
test_9,15,15,11.820762150503395,11.204220557994587,0.6165415925088091,15,15,15,0.6014121333333334,0.7239112
test_10,15,15,11.10045196149254,10.75412579649743,0.3463261649951105,14,15,15,0.5748190000000001,0.7894155333333335
