arm,instance,instance_index,run,run_seed,cycle_time,feasible,generations,evaluations,execution_time,cpu_time,seeded_fraction,mean_feasible,final_feasible,evals_to_first,mean_diversity
baseline,test_10,9,0,942,11.178826503260186,True,300,54200,226.6221,223.1094,1.0,0.571817,0.58,200.0,17.810911
baseline,test_10,9,1,943,10.899835805897144,True,300,54200,257.9317,253.0938,1.0,0.6188,0.705,200.0,16.938391
baseline,test_10,9,10,952,11.022098020317564,True,300,54200,242.4182,237.8125,1.0,0.54465,0.61,200.0,18.64009
baseline,test_10,9,11,953,10.938961091374892,True,300,54200,329.0871,325.0625,1.0,0.518967,0.58,200.0,19.218229
baseline,test_10,9,12,954,10.736255423266783,True,300,54200,241.8318,238.5938,1.0,0.57375,0.635,200.0,18.598937
baseline,test_10,9,13,955,11.471259402239102,True,300,54200,378.8976,375.2188,1.0,0.593533,0.63,200.0,18.031053
baseline,test_10,9,14,956,11.243175357722194,True,300,54200,318.9325,316.5312,1.0,0.549967,0.53,200.0,17.573346
baseline,test_10,9,2,944,11.30000537845337,True,300,54200,393.9959,386.9219,1.0,0.615917,0.655,200.0,19.441784
baseline,test_10,9,3,945,11.297890721456707,True,300,54200,239.6711,234.6562,1.0,0.583067,0.62,200.0,18.205402
baseline,test_10,9,4,946,11.432485493007704,True,300,54200,247.9919,243.5156,1.0,0.572633,0.655,200.0,18.95271
baseline,test_10,9,5,947,10.759339027889144,True,300,54200,418.4002,410.8125,1.0,0.549883,0.545,200.0,19.913901
baseline,test_10,9,6,948,11.115524416424371,True,300,54200,259.1822,254.5,1.0,0.588367,0.605,200.0,19.414782
baseline,test_10,9,7,949,10.69535021712273,True,300,54200,242.5775,237.6094,1.0,0.553967,0.58,200.0,18.346869
baseline,test_10,9,8,950,11.310994089895924,True,300,54200,268.0056,263.9062,1.0,0.6058,0.6,200.0,17.781996
baseline,test_10,9,9,951,11.104778474060296,True,300,54200,256.9136,252.6562,1.0,0.581167,0.535,200.0,18.257648
baseline,test_1,0,0,42,10.330872598041093,True,300,54200,405.2272,396.8906,1.0,0.592,0.56,200.0,17.531943
baseline,test_1,0,1,43,9.995843628600788,True,300,54200,223.6432,217.6094,1.0,0.565733,0.625,200.0,17.449557
baseline,test_1,0,10,52,10.102048550281229,True,300,54200,327.239,324.0781,1.0,0.5737,0.6,200.0,18.95989
baseline,test_1,0,11,53,10.1439782005489,True,300,54200,210.453,207.5469,1.0,0.59955,0.64,200.0,18.544874
baseline,test_1,0,12,54,10.017542132533922,True,300,54200,198.5563,195.6562,1.0,0.5575,0.58,200.0,18.878322
baseline,test_1,0,13,55,9.951811447256645,True,300,54200,203.6172,201.9375,1.0,0.6018,0.605,200.0,17.93593
baseline,test_1,0,14,56,10.077077304736758,True,300,54200,353.1999,350.4531,1.0,0.605683,0.58,200.0,18.239367
baseline,test_1,0,2,44,9.894158373505807,True,300,54200,225.4082,219.6406,1.0,0.567117,0.56,200.0,18.741212
baseline,test_1,0,3,45,10.390361084057716,True,300,54200,205.4387,200.2969,1.0,0.525583,0.57,200.0,19.13233
baseline,test_1,0,4,46,10.011058381565729,True,300,54200,218.1517,213.1406,1.0,0.5524,0.56,200.0,17.881404
baseline,test_1,0,5,47,9.967145019598156,True,300,54200,374.9729,367.4062,1.0,0.5555,0.61,200.0,19.698074
baseline,test_1,0,6,48,10.299183003027125,True,300,54200,227.9105,222.125,1.0,0.5815,0.59,200.0,19.473421
baseline,test_1,0,7,49,10.14131803424996,True,300,54200,346.3109,338.2031,1.0,0.527467,0.63,200.0,20.324855
baseline,test_1,0,8,50,10.01379122381486,True,300,54200,225.5253,219.6719,1.0,0.57365,0.56,200.0,17.476055
baseline,test_1,0,9,51,10.599440217912797,True,300,54200,410.0624,400.9688,1.0,0.587367,0.56,200.0,18.656855
baseline,test_2,1,0,142,11.821465298913804,True,300,54200,427.4374,424.6094,1.0,0.662917,0.65,200.0,16.810769
baseline,test_2,1,1,143,11.467814134478044,True,300,54200,212.308,210.8594,1.0,0.6131,0.635,200.0,16.891116
baseline,test_2,1,10,152,11.240008852892181,True,300,54200,208.8083,206.2969,1.0,0.54655,0.48,200.0,17.710448
baseline,test_2,1,11,153,11.243836929131646,True,300,54200,202.5383,200.1719,1.0,0.569733,0.605,200.0,19.587086
baseline,test_2,1,12,154,11.24539128168082,True,300,54200,200.0161,197.1094,1.0,0.547167,0.525,200.0,18.074434
baseline,test_2,1,13,155,11.347991368438837,True,300,54200,214.955,211.7031,1.0,0.574583,0.695,200.0,18.519668
baseline,test_2,1,14,156,11.30257307408321,True,300,54200,387.3812,381.375,1.0,0.593733,0.6,200.0,17.477458
baseline,test_2,1,2,144,11.284720639797833,True,300,54200,178.1307,177.0156,1.0,0.514283,0.5,200.0,19.74771
baseline,test_2,1,3,145,10.936208173939427,True,300,54200,181.5125,180.3594,1.0,0.537217,0.555,200.0,19.889269
baseline,test_2,1,4,146,11.226606984723304,True,300,54200,193.5545,192.1094,1.0,0.55765,0.67,200.0,19.259
baseline,test_2,1,5,147,11.644757847167597,True,300,54200,309.3664,307.0,1.0,0.647767,0.67,200.0,17.569753
baseline,test_2,1,6,148,11.29770861559733,True,300,54200,242.8942,240.9219,1.0,0.536233,0.575,200.0,20.24053
baseline,test_2,1,7,149,12.006760832890688,True,300,54200,425.6843,421.0156,1.0,0.659583,0.65,200.0,18.019519
baseline,test_2,1,8,150,11.736208877167922,True,300,54200,386.2694,382.1875,1.0,0.612867,0.72,200.0,16.479436
baseline,test_2,1,9,151,11.262392048152602,True,300,54200,190.2921,188.6875,1.0,0.547867,0.52,200.0,18.223166
baseline,test_3,2,0,242,10.631806707895969,True,300,54200,477.8057,468.3438,1.0,0.6665,0.755,200.0,17.409688
baseline,test_3,2,1,243,9.742434036612583,True,300,54200,229.5801,226.1094,1.0,0.575283,0.555,200.0,18.596911
baseline,test_3,2,10,252,9.96920389770137,True,300,54200,388.614,370.25,1.0,0.559067,0.575,200.0,19.926315
baseline,test_3,2,11,253,9.960688256392068,True,300,54200,275.5508,260.9531,1.0,0.580917,0.64,200.0,19.906357
baseline,test_3,2,12,254,10.631124487427321,True,300,54200,322.1722,304.5781,1.0,0.667767,0.61,200.0,17.640902
baseline,test_3,2,13,255,9.887719801740417,True,300,54200,294.5879,279.5625,1.0,0.615067,0.58,200.0,18.214936
baseline,test_3,2,14,256,9.829789256474545,True,300,54200,273.4413,255.4531,1.0,0.588183,0.63,200.0,17.805297
baseline,test_3,2,2,244,10.054540933983589,True,300,54200,240.2247,236.8906,1.0,0.5947,0.605,200.0,17.178201
baseline,test_3,2,3,245,9.774559825830853,True,300,54200,259.736,255.5156,1.0,0.608483,0.585,200.0,18.149638
baseline,test_3,2,4,246,10.0110188835427,True,300,54200,238.9041,234.75,1.0,0.575067,0.605,200.0,18.56721
baseline,test_3,2,5,247,10.655164141605006,True,300,54200,258.0445,252.1406,1.0,0.63575,0.69,200.0,17.965627
baseline,test_3,2,6,248,10.092246118413144,True,300,54200,250.1194,243.875,1.0,0.61205,0.72,200.0,18.919224
baseline,test_3,2,7,249,10.053275446322864,True,300,54200,241.1534,234.5,1.0,0.5949,0.63,200.0,18.767775
baseline,test_3,2,8,250,9.965212315215332,True,300,54200,245.9483,238.9531,1.0,0.605133,0.58,200.0,19.443958
baseline,test_3,2,9,251,10.523375013036134,True,300,54200,390.124,371.5312,1.0,0.581183,0.605,200.0,17.550236
baseline,test_4,3,0,342,11.20051727640455,True,300,54200,277.3465,261.125,1.0,0.56485,0.595,200.0,19.752295
baseline,test_4,3,1,343,11.52023483218364,True,300,54200,471.2603,461.2344,1.0,0.599267,0.655,200.0,16.433663
baseline,test_4,3,10,352,11.199968982192967,True,300,54200,255.1525,249.2969,1.0,0.600183,0.605,200.0,18.457189
baseline,test_4,3,11,353,11.125572583684516,True,300,54200,382.5482,376.375,1.0,0.573917,0.705,200.0,18.651026
baseline,test_4,3,12,354,10.823564197739188,True,300,54200,406.6467,400.2188,1.0,0.585417,0.61,200.0,18.493691
baseline,test_4,3,13,355,10.804434944393005,True,300,54200,342.6558,336.6719,1.0,0.5864,0.585,200.0,19.020533
baseline,test_4,3,14,356,10.834080701772685,True,300,54200,237.4046,232.75,1.0,0.586133,0.565,200.0,18.422008
baseline,test_4,3,2,344,11.432604058717732,True,300,54200,303.0021,296.5469,1.0,0.649833,0.665,200.0,17.156412
baseline,test_4,3,3,345,10.970909388654036,True,300,54200,274.4879,268.1719,1.0,0.590933,0.65,200.0,19.648163
baseline,test_4,3,4,346,10.9295632802191,True,300,54200,268.6332,262.8125,1.0,0.592233,0.595,200.0,18.373185
baseline,test_4,3,5,347,10.983378490648704,True,300,54200,272.5706,266.6562,1.0,0.603033,0.645,200.0,18.067764
baseline,test_4,3,6,348,11.528151734927842,True,300,54200,285.0255,279.0312,1.0,0.623983,0.66,200.0,17.489022
baseline,test_4,3,7,349,10.806507609831723,True,300,54200,306.1751,299.7031,1.0,0.586717,0.6,200.0,19.295169
baseline,test_4,3,8,350,11.137159531464572,True,300,54200,252.4245,246.6406,1.0,0.5768,0.53,200.0,20.386541
baseline,test_4,3,9,351,11.192004992074452,True,300,54200,405.907,398.2188,1.0,0.6216,0.585,200.0,17.388656
baseline,test_5,4,0,442,11.599803343736149,True,300,54200,239.1664,236.4219,1.0,0.64415,0.725,200.0,18.589856
baseline,test_5,4,1,443,11.190735343334431,True,300,54200,211.9913,210.0625,1.0,0.580717,0.675,200.0,19.114127
baseline,test_5,4,10,452,11.760093340514562,True,300,54200,427.6419,422.4688,1.0,0.651633,0.685,200.0,17.044649
baseline,test_5,4,11,453,11.049911536501671,True,300,54200,354.113,350.5,1.0,0.580583,0.595,200.0,19.308324
baseline,test_5,4,12,454,11.067489069336794,True,300,54200,318.9441,315.875,1.0,0.554367,0.62,200.0,18.786917
baseline,test_5,4,13,455,11.102788044880239,True,300,54200,216.1299,214.5312,1.0,0.588567,0.655,200.0,19.580014
baseline,test_5,4,14,456,10.947620503570253,True,300,54200,222.2285,219.9844,1.0,0.6023,0.585,200.0,17.82411
baseline,test_5,4,2,444,11.03719583972984,True,300,54200,197.2642,196.0312,1.0,0.559767,0.61,200.0,19.842865
baseline,test_5,4,3,445,10.87561705712244,True,300,54200,201.2099,198.9844,1.0,0.562367,0.555,200.0,18.702402
baseline,test_5,4,4,446,11.50584725495295,True,300,54200,389.639,384.2031,1.0,0.58955,0.66,200.0,17.478657
baseline,test_5,4,5,447,11.2795786728785,True,300,54200,210.6805,207.8125,1.0,0.576417,0.64,200.0,19.955788
baseline,test_5,4,6,448,11.339272337538432,True,300,54200,360.0746,355.5625,1.0,0.57855,0.65,200.0,17.477202
baseline,test_5,4,7,449,11.397693037693966,True,300,54200,220.6763,216.8594,1.0,0.606783,0.63,200.0,18.698629
baseline,test_5,4,8,450,11.288025780076765,True,300,54200,241.5441,237.8125,1.0,0.646583,0.715,200.0,19.14654
baseline,test_5,4,9,451,11.30125072343731,True,300,54200,197.7209,194.875,1.0,0.55085,0.555,200.0,18.334455
baseline,test_6,5,0,542,11.831369652327957,True,300,54200,198.2116,196.8281,1.0,0.55515,0.54,200.0,19.257776
baseline,test_6,5,1,543,11.945021618424967,True,300,54200,252.9079,249.3906,1.0,0.655067,0.69,200.0,17.942917
baseline,test_6,5,10,552,11.622406383035429,True,300,54200,403.8959,396.0938,1.0,0.60075,0.48,200.0,19.184868
baseline,test_6,5,11,553,11.851184781241567,True,300,54200,472.0752,462.9062,1.0,0.608667,0.65,200.0,17.321421
baseline,test_6,5,12,554,11.728843517457797,True,300,54200,348.9526,341.9062,1.0,0.59215,0.585,200.0,19.009349
baseline,test_6,5,13,555,11.672159493891904,True,300,54200,411.7681,403.7969,1.0,0.573583,0.58,200.0,18.796228
baseline,test_6,5,14,556,11.718362257725435,True,300,54200,261.7785,255.5,1.0,0.58985,0.625,200.0,18.432561
baseline,test_6,5,2,544,11.572707538831935,True,300,54200,336.8999,332.1875,1.0,0.573533,0.595,200.0,19.096801
baseline,test_6,5,3,545,11.835827122607405,True,300,54200,216.5094,212.9688,1.0,0.525033,0.55,200.0,17.825868
baseline,test_6,5,4,546,11.610276207131406,True,300,54200,216.1983,213.0156,1.0,0.560167,0.525,200.0,19.734234
baseline,test_6,5,5,547,11.813005844616054,True,300,54200,411.1765,405.4062,1.0,0.6045,0.575,200.0,18.887678
baseline,test_6,5,6,548,11.431418156017237,True,300,54200,257.5044,253.7812,1.0,0.60585,0.435,200.0,19.050615
baseline,test_6,5,7,549,11.583558362700781,True,300,54200,255.7176,251.9688,1.0,0.611517,0.685,200.0,19.061454
baseline,test_6,5,8,550,11.58645325476494,True,300,54200,234.0439,230.6719,1.0,0.554217,0.615,200.0,18.762709
baseline,test_6,5,9,551,11.770570486098226,True,300,54200,248.0013,245.0469,1.0,0.581483,0.58,200.0,19.903014
baseline,test_7,6,0,642,10.3470643634789,True,300,54200,368.2827,360.2188,1.0,0.6533,0.67,200.0,17.909242
baseline,test_7,6,1,643,9.989064018652265,True,300,54200,480.9876,470.875,1.0,0.622783,0.64,200.0,17.972929
baseline,test_7,6,10,652,10.549942183050632,True,300,54200,344.8753,336.9375,1.0,0.573867,0.54,200.0,18.326622
baseline,test_7,6,11,653,9.939427542503573,True,300,54200,264.3122,258.3594,1.0,0.58915,0.565,200.0,17.375434
baseline,test_7,6,12,654,10.105309673964488,True,300,54200,272.7872,266.0781,1.0,0.608117,0.62,200.0,19.10051
baseline,test_7,6,13,655,10.044794214147515,True,300,54200,252.8864,247.25,1.0,0.5571,0.58,200.0,18.833377
baseline,test_7,6,14,656,10.04863518392305,True,300,54200,418.513,410.0469,1.0,0.57745,0.575,200.0,19.801963
baseline,test_7,6,2,644,10.17347999180624,True,300,54200,481.118,470.5469,1.0,0.605033,0.64,200.0,18.67095
baseline,test_7,6,3,645,10.14694479033949,True,300,54200,261.5749,257.3594,1.0,0.594117,0.63,200.0,16.89696
baseline,test_7,6,4,646,10.399278199998484,True,300,54200,284.5313,280.1875,1.0,0.632317,0.68,200.0,18.750304
baseline,test_7,6,5,647,10.613363269866944,True,300,54200,302.023,296.6875,1.0,0.6669,0.655,200.0,18.782888
baseline,test_7,6,6,648,10.126738893302225,True,300,54200,475.6711,465.7031,1.0,0.638433,0.665,200.0,16.836333
baseline,test_7,6,7,649,10.45729751645582,True,300,54200,285.7632,279.8594,1.0,0.62225,0.67,200.0,19.323261
baseline,test_7,6,8,650,10.018944630489447,True,300,54200,273.3053,267.0,1.0,0.594917,0.555,200.0,18.012233
baseline,test_7,6,9,651,10.928169578740256,True,300,54200,521.5786,511.7656,1.0,0.662767,0.585,200.0,17.708209
baseline,test_8,7,0,742,10.684895347612848,True,300,54200,220.9798,216.6875,1.0,0.5396,0.6,200.0,17.024108
baseline,test_8,7,1,743,10.707662267658325,True,300,54200,234.0388,230.0,1.0,0.5722,0.545,200.0,17.48485
baseline,test_8,7,10,752,10.563269731539446,True,300,54200,235.017,231.8906,1.0,0.560467,0.615,200.0,18.334539
baseline,test_8,7,11,753,10.976240867641582,True,300,54200,285.8059,281.9062,1.0,0.639833,0.6,200.0,17.862363
baseline,test_8,7,12,754,10.38699114249405,True,300,54200,392.5908,387.9531,1.0,0.572217,0.6,200.0,20.648711
baseline,test_8,7,13,755,10.542803458656486,True,300,54200,465.085,458.7969,1.0,0.6177,0.7,200.0,17.109923
baseline,test_8,7,14,756,11.17825692425141,True,300,54200,489.2878,482.0781,1.0,0.630667,0.665,200.0,18.999393
baseline,test_8,7,2,744,10.594761388181613,True,300,54200,327.2215,321.8281,1.0,0.578617,0.615,200.0,18.054252
baseline,test_8,7,3,745,10.734087362347058,True,300,54200,220.553,217.0156,1.0,0.565883,0.57,200.0,17.724582
baseline,test_8,7,4,746,11.034277292515576,True,300,54200,471.6201,466.0625,1.0,0.634733,0.63,200.0,18.398607
baseline,test_8,7,5,747,11.305389084368308,True,300,54200,332.5723,328.6562,1.0,0.67225,0.695,200.0,17.498866
baseline,test_8,7,6,748,10.852816003018802,True,300,54200,246.0632,242.3906,1.0,0.588083,0.685,200.0,17.498499
baseline,test_8,7,7,749,10.700817204645169,True,300,54200,249.0358,245.75,1.0,0.566883,0.59,200.0,17.301372
baseline,test_8,7,8,750,10.732781671141574,True,300,54200,241.342,238.875,1.0,0.550533,0.6,200.0,19.285884
baseline,test_8,7,9,751,11.199536677339683,True,300,54200,491.2787,484.9062,1.0,0.642433,0.615,200.0,17.969069
baseline,test_9,8,0,842,11.843282137653972,True,300,54200,474.6753,465.7031,1.0,0.646333,0.59,200.0,17.232083
baseline,test_9,8,1,843,11.291914342357433,True,300,54200,242.1437,238.9531,1.0,0.569683,0.62,200.0,20.37462
baseline,test_9,8,10,852,11.654373596720681,True,300,54200,401.0777,394.9531,1.0,0.583433,0.6,200.0,16.774409
baseline,test_9,8,11,853,12.53329724926403,True,300,54200,410.9863,405.2812,1.0,0.655233,0.66,200.0,16.647672
baseline,test_9,8,12,854,12.460715812689902,True,300,54200,314.1408,310.2344,1.0,0.60925,0.545,200.0,18.236921
baseline,test_9,8,13,855,11.687248257263839,True,300,54200,264.2447,260.8906,1.0,0.598933,0.61,200.0,16.685039
baseline,test_9,8,14,856,11.806923016410106,True,300,54200,256.9607,252.7969,1.0,0.628467,0.665,200.0,17.957579
baseline,test_9,8,2,844,12.545059335917813,True,300,54200,385.7911,379.9531,1.0,0.593933,0.6,200.0,17.414725
baseline,test_9,8,3,845,11.635340399974233,True,300,54200,245.508,242.6719,1.0,0.572817,0.635,200.0,20.161945
baseline,test_9,8,4,846,11.678046358296758,True,300,54200,234.1372,229.5156,1.0,0.5419,0.6,200.0,19.291521
baseline,test_9,8,5,847,11.319112927427891,True,300,54200,261.4719,256.1406,1.0,0.59405,0.66,200.0,18.699453
baseline,test_9,8,6,848,11.945380526703666,True,300,54200,468.8966,460.6406,1.0,0.635483,0.69,200.0,17.40818
baseline,test_9,8,7,849,11.838856589676706,True,300,54200,357.6031,350.2969,1.0,0.620517,0.585,200.0,18.455228
baseline,test_9,8,8,850,11.66395379088712,True,300,54200,262.2986,256.1875,1.0,0.591917,0.62,200.0,18.91229
baseline,test_9,8,9,851,11.407927916306804,True,300,54200,254.5273,249.5,1.0,0.579233,0.675,200.0,18.66567
repair,test_10,9,0,942,10.648459012432266,True,300,54200,480.3961,472.125,1.0,0.78845,0.815,200.0,15.652731
repair,test_10,9,1,943,10.804083557673529,True,300,54200,591.9375,581.1562,1.0,0.755783,0.81,200.0,17.251121
repair,test_10,9,10,952,10.749340126803101,True,300,54200,405.0309,400.6406,1.0,0.752083,0.755,200.0,19.591671
repair,test_10,9,11,953,10.916833287370743,True,300,54200,517.3155,512.6406,1.0,0.7324,0.66,200.0,17.812611
repair,test_10,9,12,954,10.801741419523044,True,300,54200,555.3864,550.8906,1.0,0.7695,0.805,200.0,18.389504
repair,test_10,9,13,955,10.815432217000755,True,300,54200,512.4772,507.7656,1.0,0.7715,0.78,200.0,19.911722
repair,test_10,9,14,956,10.64601954835636,True,300,54200,480.0445,476.0312,1.0,0.745817,0.75,200.0,16.833825
repair,test_10,9,2,944,10.712954923889193,True,300,54200,489.9069,481.2344,1.0,0.867333,0.9,200.0,16.508899
repair,test_10,9,3,945,10.754161141203245,True,300,54200,704.0714,694.0,1.0,0.833367,0.905,200.0,16.238259
repair,test_10,9,4,946,10.7999465105013,True,300,54200,463.27,454.0312,1.0,0.7931,0.79,200.0,18.531105
repair,test_10,9,5,947,10.668163449032992,True,300,54200,606.3891,597.7656,1.0,0.760583,0.68,200.0,16.892581
repair,test_10,9,6,948,10.732152435378808,True,300,54200,440.7013,433.2188,1.0,0.729617,0.71,200.0,19.294424
repair,test_10,9,7,949,10.589966724548297,True,300,54200,498.4792,490.6562,1.0,0.866033,0.865,200.0,17.562566
repair,test_10,9,8,950,10.825806741317944,True,300,54200,628.0535,620.8594,1.0,0.813217,0.82,200.0,19.216975
repair,test_10,9,9,951,10.84682585242988,True,300,54200,465.9798,460.3438,1.0,0.86245,0.825,200.0,17.936399
repair,test_1,0,0,42,9.781136093130879,True,300,54200,413.5898,405.4219,1.0,0.8005,0.8,200.0,16.845018
repair,test_1,0,1,43,9.852874938396045,True,300,54200,559.0411,550.2656,1.0,0.7479,0.75,200.0,18.421682
repair,test_1,0,10,52,9.93942738208629,True,300,54200,568.5176,563.4375,1.0,0.781817,0.865,200.0,17.924963
repair,test_1,0,11,53,9.982386227577962,True,300,54200,365.1708,361.3125,1.0,0.766067,0.835,200.0,16.838864
repair,test_1,0,12,54,9.922149987179978,True,300,54200,340.5694,337.0156,1.0,0.745733,0.795,200.0,17.312007
repair,test_1,0,13,55,9.86326129497106,True,300,54200,575.4281,570.4688,1.0,0.782817,0.82,200.0,17.448271
repair,test_1,0,14,56,9.965014558012356,True,300,54200,598.3149,592.6875,1.0,0.792483,0.78,200.0,18.306921
repair,test_1,0,2,44,10.080871951062463,True,300,54200,422.4801,414.0625,1.0,0.802417,0.81,200.0,18.065089
repair,test_1,0,3,45,9.913866023181395,True,300,54200,637.9219,628.2812,1.0,0.804567,0.82,200.0,16.746339
repair,test_1,0,4,46,9.720829215678199,True,300,54200,389.9131,382.0312,1.0,0.770383,0.67,200.0,18.406026
repair,test_1,0,5,47,9.829188939871141,True,300,54200,630.6061,620.7969,1.0,0.782567,0.815,200.0,17.222376
repair,test_1,0,6,48,10.24901838629997,True,300,54200,385.5202,377.4844,1.0,0.738083,0.745,200.0,18.092089
repair,test_1,0,7,49,9.991515705304398,True,300,54200,422.2491,413.75,1.0,0.6537,0.655,200.0,16.714038
repair,test_1,0,8,50,10.004752283384548,True,300,54200,571.247,561.8438,1.0,0.753383,0.84,200.0,17.7227
repair,test_1,0,9,51,9.765727152285482,True,300,54200,482.2291,473.5,1.0,0.6799,0.695,200.0,19.094009
repair,test_2,1,0,142,11.230246451896956,True,300,54200,470.3439,466.6094,1.0,0.745733,0.75,200.0,18.010578
repair,test_2,1,1,143,11.084158817361878,True,300,54200,354.8493,352.5156,1.0,0.752883,0.81,200.0,19.446407
repair,test_2,1,10,152,11.058381016081974,True,300,54200,655.5205,643.6562,1.0,0.801917,0.825,200.0,16.921135
repair,test_2,1,11,153,10.98011933200048,True,300,54200,370.2333,365.4219,1.0,0.7293,0.745,200.0,17.627034
repair,test_2,1,12,154,11.094472163526998,True,300,54200,409.4234,403.3594,1.0,0.778167,0.74,200.0,17.354103
repair,test_2,1,13,155,11.137076992826124,True,300,54200,386.8177,381.3125,1.0,0.74585,0.8,200.0,18.489154
repair,test_2,1,14,156,10.819003904273998,True,300,54200,639.508,622.2344,1.0,0.7732,0.775,200.0,19.030748
repair,test_2,1,2,144,10.898615753340653,True,300,54200,329.4347,326.9688,1.0,0.719867,0.605,200.0,20.906766
repair,test_2,1,3,145,10.921423232297958,True,300,54200,346.6407,343.9844,1.0,0.7655,0.715,200.0,20.167867
repair,test_2,1,4,146,11.00574882180128,True,300,54200,356.5107,353.6406,1.0,0.75995,0.765,200.0,18.23245
repair,test_2,1,5,147,11.151181439025123,True,300,54200,432.6135,428.0625,1.0,0.7071,0.775,200.0,17.594614
repair,test_2,1,6,148,11.180073817818215,True,300,54200,546.209,539.4219,1.0,0.7367,0.75,200.0,16.293118
repair,test_2,1,7,149,11.059186379244448,True,300,54200,580.8306,573.875,1.0,0.74405,0.765,200.0,15.159822
repair,test_2,1,8,150,11.30209755758748,True,300,54200,653.6475,645.1719,1.0,0.7992,0.885,200.0,17.706885
repair,test_2,1,9,151,11.031593343891885,True,300,54200,555.1281,547.6406,1.0,0.7292,0.725,200.0,17.87977
repair,test_3,2,0,242,10.079421657694727,True,300,54200,738.5384,712.3594,1.0,0.796717,0.86,200.0,17.7692
repair,test_3,2,1,243,9.802270590059358,True,300,54200,401.2148,392.9219,1.0,0.726317,0.765,200.0,19.44465
repair,test_3,2,10,252,10.007136842843835,True,300,54200,756.0385,727.3281,1.0,0.774833,0.785,200.0,17.120722
repair,test_3,2,11,253,9.881672114672778,True,300,54200,471.262,450.1406,1.0,0.773833,0.855,200.0,18.524348
repair,test_3,2,12,254,9.704905563771902,True,300,54200,668.0397,644.0312,1.0,0.732233,0.815,200.0,19.108592
repair,test_3,2,13,255,9.795114125743659,True,300,54200,570.9058,547.7188,1.0,0.686917,0.7,200.0,17.814527
repair,test_3,2,14,256,9.70027387721143,True,300,54200,504.1781,482.6562,1.0,0.78545,0.8,200.0,19.148759
repair,test_3,2,2,244,9.87818214271055,True,300,54200,408.8441,400.1562,1.0,0.768733,0.805,200.0,17.272083
repair,test_3,2,3,245,9.851062216155146,True,300,54200,444.804,435.7812,1.0,0.778233,0.76,200.0,17.793364
repair,test_3,2,4,246,9.874494523345394,True,300,54200,687.0924,662.0,1.0,0.752133,0.77,200.0,17.70122
repair,test_3,2,5,247,9.847669120854405,True,300,54200,456.7997,437.0156,1.0,0.740367,0.755,200.0,19.114931
repair,test_3,2,6,248,9.890362851313618,True,300,54200,419.547,400.0312,1.0,0.726783,0.76,200.0,18.479956
repair,test_3,2,7,249,9.821697577509457,True,300,54200,717.8472,690.5781,1.0,0.720583,0.71,200.0,17.940707
repair,test_3,2,8,250,9.824824573685191,True,300,54200,735.5759,708.9531,1.0,0.764967,0.8,200.0,16.228414
repair,test_3,2,9,251,9.85576642713842,True,300,54200,468.3535,447.2188,1.0,0.754667,0.8,200.0,17.863445
repair,test_4,3,0,342,10.74752880354908,True,300,54200,638.7832,619.2656,1.0,0.735833,0.765,200.0,19.832449
repair,test_4,3,1,343,10.85452537340505,True,300,54200,462.7157,453.375,1.0,0.73425,0.795,200.0,18.186888
repair,test_4,3,10,352,10.690172348972823,True,300,54200,394.9993,388.2656,1.0,0.74245,0.755,200.0,20.628243
repair,test_4,3,11,353,11.023354696214984,True,300,54200,647.9613,637.4062,1.0,0.8046,0.82,200.0,19.281017
repair,test_4,3,12,354,10.707024258539885,True,300,54200,373.9583,367.9531,1.0,0.73995,0.745,200.0,16.67377
repair,test_4,3,13,355,10.828081464925742,True,300,54200,528.6229,520.1875,1.0,0.70135,0.655,200.0,18.471895
repair,test_4,3,14,356,10.79282061528344,True,300,54200,558.8689,551.1406,1.0,0.70965,0.685,200.0,20.521103
repair,test_4,3,2,344,10.9522053833666,True,300,54200,414.9511,405.7812,1.0,0.689617,0.72,200.0,17.980874
repair,test_4,3,3,345,10.798023081263679,True,300,54200,597.3493,585.2031,1.0,0.73245,0.6,200.0,17.417612
repair,test_4,3,4,346,10.798693413068463,True,300,54200,626.5877,614.1406,1.0,0.6959,0.69,200.0,17.711078
repair,test_4,3,5,347,10.689888234011732,True,300,54200,455.123,444.5156,1.0,0.754267,0.745,200.0,19.161386
repair,test_4,3,6,348,10.76222933580291,True,300,54200,615.2243,603.5781,1.0,0.70135,0.77,200.0,19.333243
repair,test_4,3,7,349,10.682300670917176,True,300,54200,592.1821,582.5156,1.0,0.714883,0.755,200.0,17.553102
repair,test_4,3,8,350,10.846142242707188,True,300,54200,627.6578,617.2969,1.0,0.745583,0.66,200.0,18.437104
repair,test_4,3,9,351,10.636819040526849,True,300,54200,403.7698,396.9688,1.0,0.70135,0.7,200.0,19.068928
repair,test_5,4,0,442,10.68534465082876,True,300,54200,365.0783,360.9062,1.0,0.734167,0.82,200.0,16.615772
repair,test_5,4,1,443,10.83348426517301,True,300,54200,579.0755,572.7969,1.0,0.782333,0.805,200.0,17.851674
repair,test_5,4,10,452,10.960212616271999,True,300,54200,644.9617,637.4688,1.0,0.782533,0.82,200.0,18.714394
repair,test_5,4,11,453,10.74583072713554,True,300,54200,352.8788,349.3125,1.0,0.722817,0.695,200.0,19.935141
repair,test_5,4,12,454,11.016910448555084,True,300,54200,558.0079,551.3906,1.0,0.660667,0.71,200.0,18.073198
repair,test_5,4,13,455,10.77753697755682,True,300,54200,415.1103,409.5469,1.0,0.778517,0.75,200.0,19.43553
repair,test_5,4,14,456,11.086381813481907,True,300,54200,392.7412,387.9375,1.0,0.7755,0.715,200.0,17.072453
repair,test_5,4,2,444,11.027608497384325,True,300,54200,517.869,511.6875,1.0,0.774817,0.815,200.0,17.277035
repair,test_5,4,3,445,10.873768021663235,True,300,54200,356.4203,351.5,1.0,0.699733,0.755,200.0,18.061235
repair,test_5,4,4,446,11.148400518409357,True,300,54200,494.6392,488.6875,1.0,0.671967,0.7,200.0,19.14224
repair,test_5,4,5,447,10.968193722965626,True,300,54200,358.5737,354.1094,1.0,0.719967,0.755,200.0,17.205933
repair,test_5,4,6,448,10.9198223746045,True,300,54200,412.9674,408.1562,1.0,0.62965,0.605,200.0,17.656943
repair,test_5,4,7,449,10.80758965621963,True,300,54200,370.9168,366.5156,1.0,0.762917,0.755,200.0,19.192988
repair,test_5,4,8,450,10.733247288816067,True,300,54200,368.2506,363.7969,1.0,0.761983,0.795,200.0,19.447754
repair,test_5,4,9,451,10.853101644419887,True,300,54200,365.1458,361.4531,1.0,0.752283,0.745,200.0,17.129576
repair,test_6,5,0,542,11.206275384916296,True,300,54200,530.3229,523.9219,1.0,0.703317,0.68,200.0,18.316525
repair,test_6,5,1,543,11.482258692697535,True,300,54200,605.5242,595.9531,1.0,0.715733,0.72,200.0,19.319837
repair,test_6,5,10,552,11.197339102583836,True,300,54200,662.7317,650.5312,1.0,0.74,0.755,200.0,17.726706
repair,test_6,5,11,553,11.402667089127199,True,300,54200,420.5396,411.7188,1.0,0.672283,0.64,200.0,17.389191
repair,test_6,5,12,554,11.306928184638974,True,300,54200,683.6053,670.4688,1.0,0.815267,0.81,200.0,20.336037
repair,test_6,5,13,555,11.233212254661208,True,300,54200,624.4582,612.5312,1.0,0.696617,0.675,200.0,17.608869
repair,test_6,5,14,556,11.463147000177962,True,300,54200,385.7653,378.3438,1.0,0.626417,0.605,200.0,17.841552
repair,test_6,5,2,544,11.289584281129507,True,300,54200,648.7046,637.5781,1.0,0.734667,0.75,200.0,16.726361
repair,test_6,5,3,545,11.211888690993714,True,300,54200,603.6849,593.9062,1.0,0.7375,0.78,200.0,17.848015
repair,test_6,5,4,546,11.351060560586063,True,300,54200,397.5906,391.6719,1.0,0.693217,0.71,200.0,17.170119
repair,test_6,5,5,547,11.176853899271851,True,300,54200,489.3427,480.0156,1.0,0.675117,0.605,200.0,17.368613
repair,test_6,5,6,548,11.46189823993759,True,300,54200,444.8775,438.0469,1.0,0.758467,0.795,200.0,20.26394
repair,test_6,5,7,549,11.360415540628196,True,300,54200,445.5253,438.4844,1.0,0.772267,0.775,200.0,18.39045
repair,test_6,5,8,550,11.21438544903776,True,300,54200,596.4276,586.3906,1.0,0.691533,0.7,200.0,17.27639
repair,test_6,5,9,551,11.225498946519537,True,300,54200,446.0557,437.5469,1.0,0.731567,0.79,200.0,17.682918
repair,test_7,6,0,642,9.896459802851936,True,300,54200,489.4355,479.6562,1.0,0.77845,0.815,200.0,19.53435
repair,test_7,6,1,643,9.962807661969965,True,300,54200,619.6014,606.6094,1.0,0.778633,0.795,200.0,16.721538
repair,test_7,6,10,652,10.044115137748719,True,300,54200,447.6336,437.6562,1.0,0.765017,0.765,200.0,17.357059
repair,test_7,6,11,653,10.019047332130953,True,300,54200,695.3245,683.2031,1.0,0.762533,0.7,200.0,18.392307
repair,test_7,6,12,654,10.03956009912039,True,300,54200,783.2049,770.8125,1.0,0.833317,0.815,200.0,17.977655
repair,test_7,6,13,655,9.948776451163045,True,300,54200,575.7507,566.0469,1.0,0.745767,0.775,200.0,17.382785
repair,test_7,6,14,656,9.898472093630524,True,300,54200,731.7796,720.7188,1.0,0.826767,0.865,200.0,18.080913
repair,test_7,6,2,644,10.09105855593096,True,300,54200,483.6011,474.2969,1.0,0.849333,0.91,200.0,19.210669
repair,test_7,6,3,645,9.979562055973343,True,300,54200,719.8861,705.9375,1.0,0.7344,0.73,200.0,17.931409
repair,test_7,6,4,646,9.921506306640136,True,300,54200,500.5896,490.7656,1.0,0.81785,0.87,200.0,18.017644
repair,test_7,6,5,647,9.940237717327008,True,300,54200,454.096,445.0156,1.0,0.787317,0.815,200.0,17.985631
repair,test_7,6,6,648,10.009185885251313,True,300,54200,458.6333,449.6719,1.0,0.791567,0.75,200.0,16.301534
repair,test_7,6,7,649,9.985079139100105,True,300,54200,458.6757,449.375,1.0,0.791667,0.77,200.0,17.946231
repair,test_7,6,8,650,9.97689819846088,True,300,54200,607.4438,594.4688,1.0,0.746083,0.675,200.0,17.461604
repair,test_7,6,9,651,9.91091500168125,True,300,54200,622.4788,610.7188,1.0,0.74425,0.72,200.0,16.700123
repair,test_8,7,0,742,10.573710313174452,True,300,54200,689.4153,678.3438,1.0,0.821017,0.885,200.0,17.082987
repair,test_8,7,1,743,10.310489723112507,True,300,54200,446.1309,439.2188,1.0,0.773017,0.815,200.0,17.384416
repair,test_8,7,10,752,10.382429931697203,True,300,54200,444.8354,439.4219,1.0,0.744117,0.81,200.0,16.344979
repair,test_8,7,11,753,10.523720885489933,True,300,54200,636.3123,625.4688,1.0,0.768733,0.82,200.0,16.529393
repair,test_8,7,12,754,10.51926132524163,True,300,54200,444.5248,438.125,1.0,0.772017,0.81,200.0,19.427801
repair,test_8,7,13,755,10.38702198641538,True,300,54200,659.009,648.5469,1.0,0.713183,0.78,200.0,16.934283
repair,test_8,7,14,756,10.27259329190711,True,300,54200,443.046,436.6562,1.0,0.729467,0.67,200.0,17.568265
repair,test_8,7,2,744,10.555275062584595,True,300,54200,653.9844,644.1719,1.0,0.7512,0.785,200.0,18.854194
repair,test_8,7,3,745,10.606460263230044,True,300,54200,401.4767,396.9688,1.0,0.708567,0.625,200.0,16.813095
repair,test_8,7,4,746,10.44392068651814,True,300,54200,438.563,433.3438,1.0,0.806517,0.805,200.0,17.72636
repair,test_8,7,5,747,10.454632046303246,True,300,54200,455.4818,449.8906,1.0,0.79045,0.84,200.0,18.029708
repair,test_8,7,6,748,10.371392058628729,True,300,54200,616.1996,607.3438,1.0,0.684467,0.78,200.0,18.211398
repair,test_8,7,7,749,10.503975309872793,True,300,54200,681.0325,672.0156,1.0,0.758333,0.79,200.0,17.655639
repair,test_8,7,8,750,10.400026355279152,True,300,54200,429.9227,424.2656,1.0,0.74705,0.795,200.0,17.923736
repair,test_8,7,9,751,10.397036596784897,True,300,54200,448.8759,443.2656,1.0,0.745283,0.745,200.0,16.699274
repair,test_9,8,0,842,11.306303094250648,True,300,54200,469.4636,461.0781,1.0,0.79765,0.8,200.0,18.612251
repair,test_9,8,1,843,11.254895959246564,True,300,54200,437.738,429.9219,1.0,0.677633,0.75,200.0,19.132529
repair,test_9,8,10,852,11.309911334615872,True,300,54200,677.452,665.8906,1.0,0.715967,0.775,200.0,18.110564
repair,test_9,8,11,853,11.185206893616574,True,300,54200,684.9079,674.2344,1.0,0.74935,0.64,200.0,16.752045
repair,test_9,8,12,854,11.04918939903801,True,300,54200,465.4504,457.4219,1.0,0.773167,0.71,200.0,22.37882
repair,test_9,8,13,855,11.22961097684108,True,300,54200,412.6597,405.8125,1.0,0.7115,0.685,200.0,16.975067
repair,test_9,8,14,856,11.14476633109792,True,300,54200,385.3118,378.6719,1.0,0.675067,0.705,200.0,16.428272
repair,test_9,8,2,844,11.307499464621571,True,300,54200,696.5131,685.4062,1.0,0.72775,0.745,200.0,17.932072
repair,test_9,8,3,845,11.249707819466678,True,300,54200,696.2698,684.5469,1.0,0.782333,0.85,200.0,16.572815
repair,test_9,8,4,846,11.276096751696997,True,300,54200,424.9985,417.375,1.0,0.713117,0.61,200.0,19.65795
repair,test_9,8,5,847,11.20983315069515,True,300,54200,457.4967,449.375,1.0,0.7542,0.77,200.0,21.144943
repair,test_9,8,6,848,11.090621342315469,True,300,54200,511.698,503.7656,1.0,0.695317,0.735,200.0,20.073022
repair,test_9,8,7,849,11.113915153092705,True,300,54200,561.0366,550.2188,1.0,0.67285,0.595,200.0,17.495797
repair,test_9,8,8,850,11.23068978111398,True,300,54200,537.7169,526.8438,1.0,0.7029,0.73,200.0,18.442562
repair,test_9,8,9,851,11.105060918209599,True,300,54200,420.6717,413.625,1.0,0.709867,0.8,200.0,17.224347
