fitness_at_common_evals_ci_high,fitness_at_common_evals_ci_low,fitness_at_common_evals_mean,fitness_at_common_evals_median,fitness_at_common_evals_std,fitness_at_common_time_ci_high,fitness_at_common_time_ci_low,fitness_at_common_time_mean,fitness_at_common_time_median,fitness_at_common_time_std,label,median_evals_to_common_target,median_seconds_to_common_target,n_pairs,p_at_common_evals,p_at_common_evals_holm,p_at_common_time,rank_biserial_at_common_evals,rank_biserial_at_common_time,target_reached_fraction,variant
36.81990415379196,35.159736973964826,35.96889287647466,35.18644140644931,4.232709682862207,36.995479204804944,35.29692334003698,36.11925667595746,35.33727401749812,4.338902474825824,GA no LS,17300.0,2.0839030999995884,100,0.3871822242699958,1.0,0.24447549932248075,-0.09980198019801981,-0.13425742574257427,1.0,ga_ls00
36.45006136498721,34.99206600536407,35.71243092264315,35.66052943811995,3.764953999024626,36.3837794495358,34.93025829775647,35.648902131202114,35.62285247649557,3.7560560687263775,GA 10% LS [LS on offspring],19751.0,2.1114593499951297,100,0.6072313210572249,1.0,0.5857710642665992,-0.0594059405940594,-0.06297029702970297,1.0,ga_ls10_offspring
37.24660379925619,35.695988344076156,36.465335751766965,36.35421843531209,3.9531211241477466,36.5076377474164,34.97374589001504,35.74051877714065,35.4820619743612,3.948444946745775,GA 50% LS [LS on offspring],32840.0,2.44221010000183,100,0.07804539608284647,0.6243631686627718,0.683683756415323,-0.20316831683168315,-0.04712871287128713,1.0,ga_ls50_offspring
38.78196848831684,37.13904668849207,37.955902439956596,37.88141982048822,4.224487874441099,36.835627557860306,35.21819022368375,36.02033800690289,35.68669416703977,4.171610986026061,GA 100% LS [LS on offspring],47190.0,2.9690409999966505,100,2.0685686077838288e-06,1.8617117470054458e-05,0.19429845899680281,-0.546930693069307,-0.1497029702970297,1.0,ga_ls100_offspring
36.596818673964364,35.13482667113311,35.86720382813828,35.80776470262354,3.7821013783508937,36.20806751503697,34.76117396277441,35.48798187221534,35.3689530303143,3.7381544889973246,GA scheduled LS [LS on offspring],19751.0,2.080977699995856,100,0.4361089810520044,1.0,0.8459681125858469,-0.0899009900990099,-0.022574257425742573,1.0,ga_sched_offspring
36.78580740140594,35.299434316566455,36.03982652461451,35.957410791116175,3.80481675999117,36.831217739998884,35.353676723412825,36.09284452373393,35.97675278005993,3.7910749062931615,GA 10% LS [LS on elites],17090.0,2.14392195000255,100,0.30635435355676377,1.0,0.19311953695348166,-0.11801980198019801,-0.1500990099009901,1.0,ga_ls10_elites
36.89630550235094,35.000150315191874,35.91365339061942,35.18986803612009,4.791061374130842,36.670241442023496,34.81785408105462,35.71809911957023,34.90080565151798,4.717575171236369,GA 50% LS [LS on elites],17899.0,1.9272616499947617,100,0.5439409485998916,1.0,0.6462224130797303,-0.0700990099009901,-0.05306930693069307,1.0,ga_ls50_elites
36.284743307734836,34.648193237290016,35.46708287586434,35.72829652231924,4.231245534747103,36.20932691439614,34.56306807463097,35.390025582319055,35.51338849748047,4.24745718419438,GA 100% LS [LS on elites],18760.0,1.9238372500039986,100,nan,1.0,nan,,,1.0,ga_ls100_elites
36.69608767682651,35.24268640331768,35.9639117587193,35.88212193251663,3.763794018776836,36.64505831093146,35.19127590961344,35.912642712592294,35.74086146048121,3.748856570627656,GA scheduled LS [LS on elites],17090.0,2.124318200003472,100,0.4220621027365421,1.0,0.37967677860249305,-0.09267326732673267,-0.10138613861386139,1.0,ga_sched_elites
