variant,label,n_runs,feasible_runs,fitness_n,fitness_median,fitness_mean,fitness_std,fitness_iqr,fitness_q1,fitness_q3,fitness_min,fitness_max,fitness_mean_ci_low,fitness_mean_ci_high,fitness_median_ci_low,fitness_median_ci_high,distance_n,distance_median,distance_mean,distance_std,distance_iqr,distance_q1,distance_q3,distance_min,distance_max,distance_mean_ci_low,distance_mean_ci_high,distance_median_ci_low,distance_median_ci_high,time_n,time_median,time_mean,time_std,time_iqr,time_q1,time_q3,time_min,time_max,time_mean_ci_low,time_mean_ci_high,time_median_ci_low,time_median_ci_high,cpu_n,cpu_median,cpu_mean,cpu_std,cpu_iqr,cpu_q1,cpu_q3,cpu_min,cpu_max,cpu_mean_ci_low,cpu_mean_ci_high,cpu_median_ci_low,cpu_median_ci_high,evals_n,evals_median,evals_mean,evals_std,evals_iqr,evals_q1,evals_q3,evals_min,evals_max,evals_mean_ci_low,evals_mean_ci_high,evals_median_ci_low,evals_median_ci_high
ga_ls00,GA no LS,100,100,100,35.18644140644931,35.96889287647466,4.232709682862207,5.919414886836755,32.9986303063233,38.918045193160054,27.534932256755873,46.289089381733724,35.159736973964826,36.81990415379196,34.773564269970166,36.58570559956433,100,33.662644462877964,34.40608162782465,4.215736715305344,6.128256641858865,31.307671104293565,37.43592774615243,26.27051524410596,44.520535793527635,33.60009222825965,35.2501217344444,33.133835766453565,35.017732244705726,100,8.268398300002445,8.435490024000465,1.1919485896304536,1.534160025010351,7.545798899998772,9.079958925009123,6.3259195999999065,11.956640399992466,8.208322311749768,8.677047160676382,8.046142500010319,8.691124300006777,100,8.0390625,8.15171875,1.0553184373552404,1.30859375,7.359375,8.66796875,6.125,10.671875,7.94905859375,8.36609375,7.828125,8.375,100,60000.0,60000.0,0.0,0.0,60000.0,60000.0,60000.0,60000.0,60000.0,60000.0,60000.0,60000.0
ga_ls10_offspring,GA 10% LS [LS on offspring],100,100,100,35.57990376872296,35.54515122105059,3.757977120137137,4.610285807474,33.37306494470569,37.98335075217969,26.07778276855783,44.286463909888525,34.82601554314686,36.284012523015576,34.72100243779799,36.207971516367046,100,34.04120278953431,34.01343380493964,3.708540240326904,4.712083563452381,31.740261259629662,36.45234482308204,24.562375256571002,42.84691347860532,33.3071043956806,34.742567468873006,33.24086175200465,34.66256937777706,100,9.073906150006223,9.224493735000141,1.2558918103848178,1.5176199250126956,8.452209099996253,9.969829025008949,6.380851099995198,12.912874200002989,8.977747775449847,9.47612399485123,8.852215799997794,9.375610300019616,100,8.8125,8.90921875,1.1235274958333792,1.375,8.18359375,9.55859375,6.265625,11.765625,8.6909296875,9.1351640625,8.5625,9.015625,100,76251.0,76231.32,316.9520525826638,438.0,76023.0,76461.0,75510.0,77058.0,76169.76,76293.78,76143.0,76344.0
ga_ls50_offspring,GA 50% LS [LS on offspring],100,100,100,35.05200793396162,35.34490379678407,3.9307820909109608,4.9566294876728065,32.9301097652402,37.88673925291301,27.05006379917989,45.993073209435174,34.583942332962415,36.11484443409262,34.304088090180365,36.376737117184405,100,33.381530348563004,33.79142987788375,3.9113825601103653,5.075210021736183,31.224440115309562,36.299650137045745,25.743422756239497,44.28270981676323,33.02833018059292,34.5586896761961,32.77167898083186,34.82356914774556,100,12.284252400000696,12.619348264998408,1.912147587591918,2.3355074249848258,11.361071974999504,13.69657939998433,9.220333300007042,21.25403609999921,12.260673615371598,13.001042451473978,11.829953599983128,12.587121500022477,100,11.7890625,12.176875,1.6805175524232188,2.27734375,10.98828125,13.265625,9.171875,17.875,11.85451953125,12.50812890625,11.453125,12.328125,100,140973.0,140975.52,501.5906915186743,609.0,140644.5,141253.5,139656.0,142122.0,140877.897,141073.143,140832.0,141114.0
ga_ls100_offspring,GA 100% LS [LS on offspring],100,100,100,34.63332404559068,35.08356291289461,4.252033878908987,5.041927487588168,32.21014893390908,37.25207642149725,25.741253032039115,46.35621507202094,34.270793200620716,35.91874059363165,33.881008346807995,35.59168567012823,100,32.994852548854865,33.54904697503371,4.227532877817718,5.339818344210357,30.467119128558757,35.806937472769114,24.14324739158501,44.60464030947651,32.746505371032846,34.38396901083679,32.30314120576024,33.996290727757014,100,16.106083499995293,16.36031981700129,2.855156715313006,4.679249499982689,13.582389925002644,18.261639424985333,11.977570999995805,23.9832216000068,15.811971954950307,16.914181612875343,15.363819550009794,16.975519800005713,100,15.6796875,15.79359375,2.628398900371561,4.3984375,13.28515625,17.68359375,11.78125,23.1875,15.2877890625,16.3084375,14.96875,16.34375,100,222000.0,222000.0,0.0,0.0,222000.0,222000.0,222000.0,222000.0,222000.0,222000.0,222000.0,222000.0
ga_sched_offspring,GA scheduled LS [LS on offspring],100,100,100,34.72374140689487,35.07665167279141,3.743591970962057,5.354042255186862,32.4771232871347,37.831165542321564,25.75345967088637,43.553437491602054,34.35307705172451,35.80697586767563,34.13701333529254,35.783408780986335,100,33.21231567907839,33.552655287935984,3.704370210929645,5.339798361923755,31.06880483900978,36.408603200933534,24.260462759279577,41.86043077600064,32.837833381726824,34.27833861087257,32.47122966606702,34.185367182299345,100,12.742356399990967,12.772557432999893,2.1906053239886205,3.241610450015287,11.069652699981816,14.311263149997103,8.97942809999222,19.85010290000355,12.350031610224482,13.202752852324446,11.813661300009699,13.129198238733428,100,12.3515625,12.33953125,1.967478012963457,3.04296875,10.69921875,13.7421875,8.796875,17.15625,11.95920703125,12.72234375,11.625,12.921875,100,146403.0,146424.78,347.75922182400336,423.0,146188.5,146611.5,145494.0,147366.0,146358.177,146491.92,146313.0,146472.0
ga_ls10_elites,GA 10% LS [LS on elites],100,100,100,35.91273112649628,35.972368891109085,3.8156482465888777,5.683386219500967,33.047896404868304,38.73128262436927,27.741474508834123,45.21406617708243,35.2299686299214,36.71401530719128,34.52310199281341,36.89035445215812,100,34.42458926015324,34.38102105802261,3.7974964286471904,5.820316394049062,31.44213290882247,37.26244930287153,26.32909823253782,43.670694401383216,33.643167215990566,35.11875510378907,32.872681884188765,35.190880890446124,100,8.570892949981499,8.583564653998474,1.0172765346034964,1.2995896499924129,7.919696024997393,9.219285674989806,6.074393600021722,11.266457300022012,8.384683330849235,8.7820881757217,8.31020290000015,8.708409599988954,100,8.3046875,8.27828125,0.9003138892822508,1.2265625,7.671875,8.8984375,6.03125,10.8125,8.100457031249999,8.452347656250002,8.046875,8.4765625,100,63585.0,63582.36,133.75097620714263,162.0,63492.0,63654.0,63306.0,63996.0,63556.68,63608.76,63540.0,63600.0
ga_ls50_elites,GA 50% LS [LS on elites],100,100,100,34.887418245528224,35.66154638425916,4.7064781204899075,5.225990001080035,32.80024465639302,38.026234657473054,26.33328976919959,48.84324478869102,34.76349802624649,36.61277861852187,34.103467437539,36.23515225232548,100,33.21554271817304,34.13365173683196,4.671826228911192,5.056045657227351,31.388726963294147,36.4447726205215,24.98585664519292,47.21039217963363,33.24150474154231,35.07833127157864,32.59199898993085,34.66280385212852,100,9.848956100002397,9.993034264000016,1.63626884903017,2.360652224975638,8.810280175013759,11.170932399989397,6.480560500000138,14.326796799985459,9.684886312474598,10.323081138598893,9.267312299984042,10.183700800000224,100,9.546875,9.64484375,1.4782708671779874,2.1875,8.46484375,10.65234375,6.265625,13.609375,9.3668671875,9.942351562499999,9.109375,9.828125,100,77997.0,78012.0,266.1441851191329,352.5,77842.5,78195.0,77316.0,78858.0,77960.697,78064.7415,77946.0,78051.0
ga_ls100_elites,GA 100% LS [LS on elites],100,100,100,35.37467394791618,35.19817178745166,4.216174017087736,4.62121728047542,33.028564242181346,37.64978152265677,25.85064290233819,45.39066066074837,34.376515760045656,36.00644944153781,34.950728118893615,36.65579436074972,100,33.85010756559478,33.66852129031964,4.158824845522081,4.779690644517554,31.45994813577497,36.23963878029252,24.290337020426126,43.75248740615448,32.85756195521225,34.472927541912085,33.2713627445683,34.92598555011209,100,11.038084550003987,11.16720224700024,1.8404579499752574,2.2349042000132613,9.856387125000765,12.091291325014026,8.178369400004158,18.187215699988883,10.81663259317389,11.53303330847452,10.68756909998774,11.499818299984327,100,10.7265625,10.77171875,1.574674625619652,2.2421875,9.54296875,11.78515625,8.125,15.875,10.469527343749998,11.081574218750001,10.375,11.015625,100,96000.0,96000.0,0.0,0.0,96000.0,96000.0,96000.0,96000.0,96000.0,96000.0,96000.0,96000.0
ga_sched_elites,GA scheduled LS [LS on elites],100,100,100,35.51096023501446,35.70376832657406,3.754527496713102,4.588031112851326,33.341932488926275,37.9299636017776,27.638887767102666,45.18628604971914,34.98095687745906,36.43881042985922,34.26357091550008,36.11367517763347,100,33.81189431442294,34.11862751886822,3.731225340799935,4.653101147948117,31.600628928894874,36.25373007684299,26.222769355970385,43.64813775384617,33.40075952482048,34.848023226262036,32.5634029609679,34.603349015926,100,9.781300150003517,9.825280854002049,1.367396225657007,1.852813724988664,8.91839305000758,10.771206774996244,6.859583100012969,13.666863200021908,9.565852985325016,10.092871151451792,9.41116720001446,10.191333200011286,100,9.390625,9.4909375,1.2548048829797194,1.63671875,8.6640625,10.30078125,6.796875,12.890625,9.25357421875,9.7370390625,9.1796875,9.7890625,100,79197.0,79197.78,156.6226617760603,223.5,79092.0,79315.5,78750.0,79614.0,79167.12,79227.96,79164.0,79236.0
